name,year,runs,runsaginst
"Boston Red Stockings",1871,401,303
"Chicago White Stockings",1871,302,241
"Cleveland Forest Citys",1871,249,341
"Fort Wayne Kekiongas",1871,137,243
"New York Mutuals",1871,302,313
"Philadelphia Athletics",1871,376,266
"Rockford Forest Citys",1871,231,287
"Troy Haymakers",1871,351,362
"Washington Olympics",1871,310,303
"Baltimore Canaries",1872,617,434
"Brooklyn Eckfords",1872,152,413
"Brooklyn Atlantics",1872,237,473
"Boston Red Stockings",1872,521,236
"Cleveland Forest Citys",1872,174,254
"Middletown Mansfields",1872,220,348
"New York Mutuals",1872,523,362
"Philadelphia Athletics",1872,539,349
"Troy Haymakers",1872,273,191
"Washington Olympics",1872,54,140
"Washington Nationals",1872,80,190
"Baltimore Canaries",1873,644,451
"Baltimore Marylands",1873,26,152
"Brooklyn Atlantics",1873,366,549
"Boston Red Stockings",1873,739,460
"Elizabeth Resolutes",1873,98,299
"New York Mutuals",1873,424,385
"Philadelphia Athletics",1873,474,403
"Philadelphia Whites",1873,526,396
"Washington Blue Legs",1873,283,485
"Baltimore Canaries",1874,227,505
"Brooklyn Atlantics",1874,301,449
"Boston Red Stockings",1874,735,415
"Chicago White Stockings",1874,418,480
"Hartford Dark Blues",1874,371,471
"New York Mutuals",1874,500,377
"Philadelphia Athletics",1874,441,344
"Philadelphia Whites",1874,476,428
"Brooklyn Atlantics",1875,132,438
"Boston Red Stockings",1875,831,343
"Chicago White Stockings",1875,379,416
"Hartford Dark Blues",1875,557,343
"Keokuk Westerns",1875,45,88
"New Haven Elm Citys",1875,170,397
"New York Mutuals",1875,328,425
"Philadelphia Athletics",1875,699,402
"Philadelphia Whites",1875,470,376
"Philadelphia Centennials",1875,70,138
"St. Louis Red Stockings",1875,60,161
"St. Louis Brown Stockings",1875,386,369
"Washington Nationals",1875,107,338
"Boston Red Caps",1876,471,450
"Chicago White Stockings",1876,624,257
"Cincinnati Reds",1876,238,579
"Hartford Dark Blues",1876,429,261
"Louisville Grays",1876,280,344
"New York Mutuals",1876,260,412
"Philadelphia Athletics",1876,378,534
"St. Louis Brown Stockings",1876,386,229
"Boston Red Caps",1877,419,263
"Chicago White Stockings",1877,366,375
"Cincinnati Reds",1877,291,485
"Hartford Dark Blues",1877,341,311
"Louisville Grays",1877,339,288
"St. Louis Brown Stockings",1877,284,318
"Boston Red Caps",1878,298,241
"Chicago White Stockings",1878,371,331
"Cincinnati Reds",1878,333,281
"Indianapolis Blues",1878,293,328
"Milwaukee Grays",1878,256,386
"Providence Grays",1878,353,337
"Buffalo Bisons",1879,394,365
"Boston Red Caps",1879,562,348
"Chicago White Stockings",1879,437,411
"Cleveland Blues",1879,322,461
"Cincinnati Reds",1879,485,464
"Providence Grays",1879,612,355
"Syracuse Stars",1879,276,462
"Troy Trojans",1879,321,543
"Buffalo Bisons",1880,331,502
"Boston Red Caps",1880,416,456
"Chicago White Stockings",1880,538,317
"Cleveland Blues",1880,387,337
"Cincinnati Reds",1880,296,472
"Providence Grays",1880,419,299
"Troy Trojans",1880,392,438
"Worcester Ruby Legs",1880,412,370
"Buffalo Bisons",1881,440,447
"Boston Red Caps",1881,349,410
"Chicago White Stockings",1881,550,379
"Cleveland Blues",1881,392,414
"Detroit Wolverines",1881,439,429
"Providence Grays",1881,447,426
"Troy Trojans",1881,399,429
"Worcester Ruby Legs",1881,410,492
"Buffalo Bisons",1882,500,461
"Baltimore Orioles",1882,273,515
"Boston Red Caps",1882,472,414
"Chicago White Stockings",1882,604,353
"Cleveland Blues",1882,402,411
"Cincinnati Red Stockings",1882,489,268
"Detroit Wolverines",1882,407,488
"Louisville Eclipse",1882,443,352
"Philadelphia Athletics",1882,406,389
"Providence Grays",1882,463,356
"Pittsburg Alleghenys",1882,428,418
"St. Louis Brown Stockings",1882,399,496
"Troy Trojans",1882,430,522
"Worcester Ruby Legs",1882,379,652
"Buffalo Bisons",1883,614,576
"Baltimore Orioles",1883,471,742
"Boston Beaneaters",1883,669,456
"Chicago White Stockings",1883,679,540
"Cleveland Blues",1883,476,443
"Columbus Buckeyes",1883,476,659
"Cincinnati Red Stockings",1883,662,413
"Detroit Wolverines",1883,524,650
"Louisville Eclipse",1883,564,562
"New York Gothams",1883,530,577
"New York Metropolitans",1883,498,405
"Philadelphia Athletics",1883,720,547
"Philadelphia Quakers",1883,437,887
"Providence Grays",1883,636,436
"Pittsburg Alleghenys",1883,525,728
"St. Louis Browns",1883,549,409
"Altoona Mountain City",1884,90,216
"Buffalo Bisons",1884,700,626
"Baltimore Orioles",1884,636,515
"Baltimore Monumentals",1884,662,627
"Brooklyn Atlantics",1884,476,644
"Boston Beaneaters",1884,684,468
"Boston Reds",1884,636,558
"Chicago White Stockings",1884,834,647
"Chicago/Pittsburgh (Union League)",1884,438,482
"Cleveland Blues",1884,458,716
"Columbus Buckeyes",1884,585,459
"Cincinnati Red Stockings",1884,754,512
"Cincinnati Outlaw Reds",1884,703,466
"Detroit Wolverines",1884,445,736
"Indianapolis Hoosiers",1884,462,755
"Kansas City Cowboys",1884,311,618
"Louisville Eclipse",1884,573,425
"Milwaukee Brewers",1884,53,34
"New York Gothams",1884,693,623
"New York Metropolitans",1884,734,423
"Philadelphia Athletics",1884,700,546
"Philadelphia Quakers",1884,549,824
"Philadelphia Keystones",1884,414,545
"Providence Grays",1884,665,388
"Pittsburg Alleghenys",1884,406,725
"Richmond Virginians",1884,194,294
"St. Louis Browns",1884,658,539
"St. Louis Maroons",1884,887,429
"St. Paul White Caps",1884,24,57
"Toledo Blue Stockings",1884,463,571
"Wilmington Quicksteps",1884,35,114
"Washington Nationals",1884,248,481
"Washington Nationals",1884,572,679
"Buffalo Bisons",1885,495,761
"Baltimore Orioles",1885,541,683
"Brooklyn Grays",1885,624,650
"Boston Beaneaters",1885,528,589
"Chicago White Stockings",1885,834,470
"Cincinnati Red Stockings",1885,642,575
"Detroit Wolverines",1885,514,582
"Louisville Colonels",1885,564,598
"New York Giants",1885,691,370
"New York Metropolitans",1885,526,688
"Philadelphia Athletics",1885,764,691
"Philadelphia Quakers",1885,513,511
"Providence Grays",1885,442,531
"Pittsburg Alleghenys",1885,547,539
"St. Louis Browns",1885,677,461
"St. Louis Maroons",1885,390,593
"Baltimore Orioles",1886,625,878
"Brooklyn Grays",1886,832,832
"Boston Beaneaters",1886,657,661
"Chicago White Stockings",1886,900,555
"Cincinnati Red Stockings",1886,883,865
"Detroit Wolverines",1886,829,538
"Kansas City Cowboys",1886,494,872
"Louisville Colonels",1886,833,805
"New York Giants",1886,692,558
"New York Metropolitans",1886,628,766
"Philadelphia Athletics",1886,772,942
"Philadelphia Quakers",1886,621,498
"Pittsburg Alleghenys",1886,810,647
"St. Louis Browns",1886,944,592
"St. Louis Maroons",1886,547,712
"Washington Nationals",1886,445,791
"Baltimore Orioles",1887,975,861
"Brooklyn Grays",1887,904,918
"Boston Beaneaters",1887,831,792
"Chicago White Stockings",1887,813,716
"Cleveland Blues",1887,729,1112
"Cincinnati Red Stockings",1887,892,745
"Detroit Wolverines",1887,969,714
"Indianapolis Hoosiers",1887,628,965
"Louisville Colonels",1887,956,854
"New York Giants",1887,816,723
"New York Metropolitans",1887,754,1093
"Philadelphia Athletics",1887,893,890
"Philadelphia Quakers",1887,901,702
"Pittsburg Alleghenys",1887,621,750
"St. Louis Browns",1887,1131,761
"Washington Nationals",1887,601,818
"Baltimore Orioles",1888,653,779
"Brooklyn Bridegrooms",1888,758,584
"Boston Beaneaters",1888,669,619
"Chicago White Stockings",1888,734,659
"Cleveland Blues",1888,651,839
"Cincinnati Red Stockings",1888,745,628
"Detroit Wolverines",1888,721,629
"Indianapolis Hoosiers",1888,603,731
"Kansas City Cowboys",1888,579,896
"Louisville Colonels",1888,689,870
"New York Giants",1888,659,479
"Philadelphia Athletics",1888,827,594
"Philadelphia Quakers",1888,535,509
"Pittsburg Alleghenys",1888,534,580
"St. Louis Browns",1888,789,501
"Washington Nationals",1888,482,731
"Baltimore Orioles",1889,791,795
"Brooklyn Bridegrooms",1889,995,706
"Boston Beaneaters",1889,826,626
"Chicago White Stockings",1889,867,814
"Cleveland Spiders",1889,656,720
"Columbus Solons",1889,779,924
"Cincinnati Red Stockings",1889,897,769
"Indianapolis Hoosiers",1889,819,894
"Kansas City Cowboys",1889,852,1031
"Louisville Colonels",1889,632,1091
"New York Giants",1889,935,708
"Philadelphia Athletics",1889,880,787
"Philadelphia Quakers",1889,742,748
"Pittsburg Alleghenys",1889,726,801
"St. Louis Browns",1889,957,680
"Washington Nationals",1889,632,892
"Buffalo Bisons",1890,793,1199
"Baltimore Orioles",1890,182,192
"Brooklyn Gladiators",1890,492,733
"Brooklyn Bridegrooms",1890,884,620
"Brooklyn Ward's Wonders",1890,964,893
"Boston Beaneaters",1890,763,593
"Boston Reds",1890,992,767
"Chicago Colts",1890,847,692
"Chicago Pirates",1890,886,770
"Cincinnati Reds",1890,753,633
"Cleveland Spiders",1890,630,832
"Columbus Solons",1890,831,617
"Cleveland Infants",1890,849,1027
"Louisville Colonels",1890,819,588
"New York Giants",1890,713,698
"New York Giants",1890,1018,875
"Philadelphia Athletics",1890,702,945
"Philadelphia Phillies",1890,823,707
"Philadelphia Athletics",1890,941,855
"Pittsburg Alleghenys",1890,597,1235
"Pittsburgh Burghers",1890,835,892
"Rochester Broncos",1890,709,711
"St. Louis Browns",1890,870,736
"Syracuse Stars",1890,698,831
"Toledo Maumees",1890,739,689
"Baltimore Orioles",1891,850,798
"Brooklyn Grooms",1891,765,820
"Boston Reds",1891,1028,675
"Boston Beaneaters",1891,847,658
"Chicago Colts",1891,832,730
"Cincinnati Reds",1891,646,790
"Cleveland Spiders",1891,835,888
"Columbus Solons",1891,702,777
"Cincinnati Kelly's Killers",1891,549,643
"Louisville Colonels",1891,713,890
"Milwaukee Brewers",1891,227,156
"New York Giants",1891,754,711
"Philadelphia Athletics",1891,817,794
"Philadelphia Phillies",1891,756,773
"Pittsburgh Pirates",1891,679,744
"St. Louis Browns",1891,976,753
"Washington Statesmen",1891,691,1067
"Baltimore Orioles",1892,779,1020
"Brooklyn Grooms",1892,935,733
"Boston Beaneaters",1892,862,649
"Chicago Colts",1892,635,735
"Cincinnati Reds",1892,766,731
"Cleveland Spiders",1892,855,613
"Louisville Colonels",1892,649,804
"New York Giants",1892,811,826
"Philadelphia Phillies",1892,860,690
"Pittsburgh Pirates",1892,802,796
"St. Louis Browns",1892,703,922
"Washington Senators",1892,731,869
"Baltimore Orioles",1893,820,893
"Brooklyn Grooms",1893,775,845
"Boston Beaneaters",1893,1008,795
"Chicago Colts",1893,829,874
"Cincinnati Reds",1893,759,814
"Cleveland Spiders",1893,976,839
"Louisville Colonels",1893,759,942
"New York Giants",1893,941,845
"Philadelphia Phillies",1893,1011,841
"Pittsburgh Pirates",1893,970,766
"St. Louis Browns",1893,745,829
"Washington Senators",1893,722,1032
"Baltimore Orioles",1894,1171,819
"Brooklyn Grooms",1894,1021,1007
"Boston Beaneaters",1894,1220,1002
"Chicago Colts",1894,1041,1066
"Cincinnati Reds",1894,910,1085
"Cleveland Spiders",1894,932,896
"Louisville Colonels",1894,692,1001
"New York Giants",1894,940,789
"Philadelphia Phillies",1894,1143,966
"Pittsburgh Pirates",1894,955,972
"St. Louis Browns",1894,771,953
"Washington Senators",1894,882,1122
"Baltimore Orioles",1895,1009,646
"Brooklyn Grooms",1895,867,834
"Boston Beaneaters",1895,907,826
"Chicago Colts",1895,866,854
"Cincinnati Reds",1895,903,854
"Cleveland Spiders",1895,917,720
"Louisville Colonels",1895,698,1090
"New York Giants",1895,852,834
"Philadelphia Phillies",1895,1068,957
"Pittsburgh Pirates",1895,811,787
"St. Louis Browns",1895,747,1032
"Washington Senators",1895,837,1048
"Baltimore Orioles",1896,995,662
"Brooklyn Bridegrooms",1896,692,764
"Boston Beaneaters",1896,860,761
"Chicago Colts",1896,815,799
"Cincinnati Reds",1896,783,620
"Cleveland Spiders",1896,840,650
"Louisville Colonels",1896,653,997
"New York Giants",1896,829,821
"Philadelphia Phillies",1896,890,891
"Pittsburgh Pirates",1896,787,741
"St. Louis Browns",1896,593,929
"Washington Senators",1896,818,920
"Baltimore Orioles",1897,964,674
"Brooklyn Bridegrooms",1897,802,845
"Boston Beaneaters",1897,1025,665
"Chicago Colts",1897,832,894
"Cincinnati Reds",1897,763,705
"Cleveland Spiders",1897,773,680
"Louisville Colonels",1897,669,859
"New York Giants",1897,895,695
"Philadelphia Phillies",1897,752,792
"Pittsburgh Pirates",1897,676,835
"St. Louis Browns",1897,588,1083
"Washington Senators",1897,781,793
"Baltimore Orioles",1898,933,623
"Brooklyn Bridegrooms",1898,638,811
"Boston Beaneaters",1898,872,614
"Chicago Orphans",1898,828,679
"Cincinnati Reds",1898,831,740
"Cleveland Spiders",1898,730,683
"Louisville Colonels",1898,728,833
"New York Giants",1898,837,800
"Philadelphia Phillies",1898,823,784
"Pittsburgh Pirates",1898,634,694
"St. Louis Browns",1898,571,929
"Washington Senators",1898,704,939
"Baltimore Orioles",1899,827,691
"Brooklyn Superbas",1899,892,658
"Boston Beaneaters",1899,858,645
"Chicago Orphans",1899,812,763
"Cincinnati Reds",1899,856,770
"Cleveland Spiders",1899,529,1252
"Louisville Colonels",1899,827,775
"New York Giants",1899,734,863
"Philadelphia Phillies",1899,916,743
"Pittsburgh Pirates",1899,834,765
"St. Louis Perfectos",1899,819,739
"Washington Senators",1899,743,983
"Brooklyn Superbas",1900,816,722
"Boston Beaneaters",1900,778,739
"Chicago Orphans",1900,635,751
"Cincinnati Reds",1900,703,745
"New York Giants",1900,713,823
"Philadelphia Phillies",1900,810,792
"Pittsburgh Pirates",1900,733,612
"St. Louis Cardinals",1900,744,748
"Baltimore Orioles",1901,760,750
"Boston Americans",1901,759,608
"Brooklyn Superbas",1901,744,600
"Boston Beaneaters",1901,531,556
"Chicago White Sox",1901,819,631
"Chicago Orphans",1901,578,699
"Cincinnati Reds",1901,561,818
"Cleveland Blues",1901,667,831
"Detroit Tigers",1901,741,694
"Milwaukee Brewers",1901,641,828
"New York Giants",1901,544,755
"Philadelphia Athletics",1901,805,761
"Philadelphia Phillies",1901,668,543
"Pittsburgh Pirates",1901,776,534
"St. Louis Cardinals",1901,792,689
"Washington Senators",1901,682,771
"Baltimore Orioles",1902,715,848
"Boston Americans",1902,664,600
"Brooklyn Superbas",1902,564,519
"Boston Beaneaters",1902,572,516
"Chicago White Sox",1902,675,602
"Chicago Orphans",1902,530,501
"Cincinnati Reds",1902,633,566
"Cleveland Bronchos",1902,686,667
"Detroit Tigers",1902,566,657
"New York Giants",1902,401,590
"Philadelphia Athletics",1902,775,636
"Philadelphia Phillies",1902,484,649
"Pittsburgh Pirates",1902,775,440
"St. Louis Browns",1902,619,607
"St. Louis Cardinals",1902,517,695
"Washington Senators",1902,707,790
"Boston Americans",1903,708,504
"Brooklyn Superbas",1903,667,682
"Boston Beaneaters",1903,578,699
"Chicago White Sox",1903,516,613
"Chicago Cubs",1903,695,599
"Cincinnati Reds",1903,765,656
"Cleveland Naps",1903,639,579
"Detroit Tigers",1903,567,539
"New York Giants",1903,729,567
"New York Highlanders",1903,579,573
"Philadelphia Athletics",1903,597,519
"Philadelphia Phillies",1903,617,738
"Pittsburgh Pirates",1903,793,613
"St. Louis Browns",1903,500,525
"St. Louis Cardinals",1903,505,795
"Washington Senators",1903,437,691
"Boston Americans",1904,608,466
"Brooklyn Superbas",1904,497,614
"Boston Beaneaters",1904,491,749
"Chicago White Sox",1904,600,482
"Chicago Cubs",1904,599,517
"Cincinnati Reds",1904,695,547
"Cleveland Naps",1904,647,482
"Detroit Tigers",1904,505,627
"New York Giants",1904,744,476
"New York Highlanders",1904,598,526
"Philadelphia Athletics",1904,557,503
"Philadelphia Phillies",1904,571,784
"Pittsburgh Pirates",1904,675,592
"St. Louis Browns",1904,481,604
"St. Louis Cardinals",1904,602,595
"Washington Senators",1904,437,743
"Boston Americans",1905,579,564
"Brooklyn Superbas",1905,506,807
"Boston Beaneaters",1905,468,733
"Chicago White Sox",1905,612,451
"Chicago Cubs",1905,667,442
"Cincinnati Reds",1905,735,698
"Cleveland Naps",1905,567,587
"Detroit Tigers",1905,512,602
"New York Giants",1905,780,505
"New York Highlanders",1905,586,622
"Philadelphia Athletics",1905,623,492
"Philadelphia Phillies",1905,708,602
"Pittsburgh Pirates",1905,692,570
"St. Louis Browns",1905,511,608
"St. Louis Cardinals",1905,535,734
"Washington Senators",1905,559,623
"Boston Americans",1906,463,706
"Brooklyn Superbas",1906,496,625
"Boston Beaneaters",1906,408,649
"Chicago White Sox",1906,570,460
"Chicago Cubs",1906,705,381
"Cincinnati Reds",1906,533,582
"Cleveland Naps",1906,663,482
"Detroit Tigers",1906,518,599
"New York Giants",1906,625,510
"New York Highlanders",1906,644,543
"Philadelphia Athletics",1906,561,543
"Philadelphia Phillies",1906,528,564
"Pittsburgh Pirates",1906,623,470
"St. Louis Browns",1906,558,498
"St. Louis Cardinals",1906,470,607
"Washington Senators",1906,518,664
"Boston Americans",1907,464,558
"Brooklyn Superbas",1907,446,522
"Boston Doves",1907,502,652
"Chicago White Sox",1907,588,474
"Chicago Cubs",1907,574,390
"Cincinnati Reds",1907,526,519
"Cleveland Naps",1907,530,525
"Detroit Tigers",1907,694,532
"New York Giants",1907,574,510
"New York Highlanders",1907,605,665
"Philadelphia Athletics",1907,582,511
"Philadelphia Phillies",1907,512,476
"Pittsburgh Pirates",1907,634,510
"St. Louis Browns",1907,542,555
"St. Louis Cardinals",1907,419,608
"Washington Senators",1907,506,691
"Boston Red Sox",1908,564,513
"Brooklyn Superbas",1908,377,516
"Boston Doves",1908,537,622
"Chicago White Sox",1908,537,470
"Chicago Cubs",1908,624,461
"Cincinnati Reds",1908,489,544
"Cleveland Naps",1908,568,457
"Detroit Tigers",1908,647,547
"New York Giants",1908,652,456
"New York Highlanders",1908,459,713
"Philadelphia Athletics",1908,486,562
"Philadelphia Phillies",1908,504,445
"Pittsburgh Pirates",1908,585,469
"St. Louis Browns",1908,544,483
"St. Louis Cardinals",1908,371,626
"Washington Senators",1908,479,539
"Boston Red Sox",1909,597,550
"Brooklyn Superbas",1909,444,627
"Boston Doves",1909,435,683
"Chicago White Sox",1909,492,463
"Chicago Cubs",1909,635,390
"Cincinnati Reds",1909,606,599
"Cleveland Naps",1909,493,532
"Detroit Tigers",1909,666,493
"New York Giants",1909,623,546
"New York Highlanders",1909,590,587
"Philadelphia Athletics",1909,605,408
"Philadelphia Phillies",1909,516,518
"Pittsburgh Pirates",1909,699,447
"St. Louis Browns",1909,441,575
"St. Louis Cardinals",1909,583,731
"Washington Senators",1909,380,656
"Boston Red Sox",1910,638,564
"Brooklyn Superbas",1910,497,623
"Boston Doves",1910,495,701
"Chicago White Sox",1910,457,479
"Chicago Cubs",1910,712,499
"Cincinnati Reds",1910,620,684
"Cleveland Naps",1910,548,657
"Detroit Tigers",1910,679,582
"New York Giants",1910,715,567
"New York Highlanders",1910,626,557
"Philadelphia Athletics",1910,673,441
"Philadelphia Phillies",1910,674,639
"Pittsburgh Pirates",1910,655,576
"St. Louis Browns",1910,451,743
"St. Louis Cardinals",1910,639,718
"Washington Senators",1910,501,550
"Boston Red Sox",1911,680,643
"Brooklyn Dodgers",1911,539,659
"Boston Rustlers",1911,699,1021
"Chicago White Sox",1911,719,624
"Chicago Cubs",1911,757,607
"Cincinnati Reds",1911,682,706
"Cleveland Naps",1911,691,712
"Detroit Tigers",1911,831,776
"New York Giants",1911,756,542
"New York Highlanders",1911,684,724
"Philadelphia Athletics",1911,861,601
"Philadelphia Phillies",1911,658,669
"Pittsburgh Pirates",1911,744,557
"St. Louis Browns",1911,567,812
"St. Louis Cardinals",1911,671,745
"Washington Senators",1911,625,766
"Boston Red Sox",1912,799,544
"Brooklyn Dodgers",1912,651,754
"Boston Braves",1912,693,861
"Chicago White Sox",1912,639,648
"Chicago Cubs",1912,756,668
"Cincinnati Reds",1912,656,722
"Cleveland Naps",1912,677,681
"Detroit Tigers",1912,720,777
"New York Giants",1912,823,571
"New York Highlanders",1912,630,842
"Philadelphia Athletics",1912,779,658
"Philadelphia Phillies",1912,670,688
"Pittsburgh Pirates",1912,751,565
"St. Louis Browns",1912,552,764
"St. Louis Cardinals",1912,659,830
"Washington Senators",1912,699,581
"Boston Red Sox",1913,631,610
"Brooklyn Superbas",1913,595,613
"Boston Braves",1913,641,690
"Chicago White Sox",1913,488,498
"Chicago Cubs",1913,720,630
"Cincinnati Reds",1913,607,717
"Cleveland Naps",1913,633,536
"Detroit Tigers",1913,624,716
"New York Giants",1913,684,515
"New York Yankees",1913,529,668
"Philadelphia Athletics",1913,794,592
"Philadelphia Phillies",1913,693,636
"Pittsburgh Pirates",1913,673,585
"St. Louis Browns",1913,528,642
"St. Louis Cardinals",1913,528,755
"Washington Senators",1913,596,561
"Baltimore Terrapins",1914,645,628
"Boston Red Sox",1914,589,510
"Brooklyn Tip-Tops",1914,662,677
"Brooklyn Robins",1914,622,618
"Boston Braves",1914,657,548
"Buffalo Buffeds",1914,620,602
"Chicago White Sox",1914,487,560
"Chicago Chi-Feds",1914,621,517
"Chicago Cubs",1914,605,638
"Cincinnati Reds",1914,530,651
"Cleveland Naps",1914,538,709
"Detroit Tigers",1914,615,618
"Indianapolis Hoosiers",1914,762,622
"Kansas City Packers",1914,644,683
"New York Giants",1914,672,576
"New York Yankees",1914,537,550
"Philadelphia Athletics",1914,749,529
"Philadelphia Phillies",1914,651,687
"Pittsburgh Pirates",1914,503,540
"Pittsburgh Rebels",1914,605,698
"St. Louis Browns",1914,523,615
"St. Louis Terriers",1914,565,697
"St. Louis Cardinals",1914,558,540
"Washington Senators",1914,572,519
"Baltimore Terrapins",1915,550,760
"Boston Red Sox",1915,669,499
"Brooklyn Tip-Tops",1915,647,673
"Brooklyn Robins",1915,536,560
"Boston Braves",1915,582,545
"Buffalo Blues",1915,574,634
"Chicago White Sox",1915,717,509
"Chicago Whales",1915,640,538
"Chicago Cubs",1915,570,620
"Cincinnati Reds",1915,516,585
"Cleveland Indians",1915,539,670
"Detroit Tigers",1915,778,597
"Kansas City Packers",1915,547,551
"Newark Pepper",1915,585,562
"New York Giants",1915,582,628
"New York Yankees",1915,584,588
"Philadelphia Athletics",1915,545,888
"Philadelphia Phillies",1915,589,463
"Pittsburgh Pirates",1915,557,520
"Pittsburgh Rebels",1915,592,524
"St. Louis Browns",1915,521,680
"St. Louis Terriers",1915,634,527
"St. Louis Cardinals",1915,590,601
"Washington Senators",1915,569,491
"Boston Red Sox",1916,550,480
"Brooklyn Robins",1916,585,471
"Boston Braves",1916,542,453
"Chicago White Sox",1916,601,497
"Chicago Cubs",1916,520,541
"Cincinnati Reds",1916,505,617
"Cleveland Indians",1916,630,602
"Detroit Tigers",1916,670,595
"New York Giants",1916,597,504
"New York Yankees",1916,577,561
"Philadelphia Athletics",1916,447,776
"Philadelphia Phillies",1916,581,489
"Pittsburgh Pirates",1916,484,586
"St. Louis Browns",1916,588,545
"St. Louis Cardinals",1916,476,629
"Washington Senators",1916,536,543
"Boston Red Sox",1917,555,454
"Brooklyn Robins",1917,511,559
"Boston Braves",1917,536,552
"Chicago White Sox",1917,656,464
"Chicago Cubs",1917,552,567
"Cincinnati Reds",1917,601,611
"Cleveland Indians",1917,584,543
"Detroit Tigers",1917,639,577
"New York Giants",1917,635,457
"New York Yankees",1917,524,558
"Philadelphia Athletics",1917,529,691
"Philadelphia Phillies",1917,578,500
"Pittsburgh Pirates",1917,464,595
"St. Louis Browns",1917,510,687
"St. Louis Cardinals",1917,531,567
"Washington Senators",1917,543,566
"Boston Red Sox",1918,474,380
"Brooklyn Robins",1918,360,463
"Boston Braves",1918,424,469
"Chicago White Sox",1918,457,446
"Chicago Cubs",1918,538,393
"Cincinnati Reds",1918,530,496
"Cleveland Indians",1918,504,447
"Detroit Tigers",1918,476,557
"New York Giants",1918,480,415
"New York Yankees",1918,493,475
"Philadelphia Athletics",1918,412,538
"Philadelphia Phillies",1918,430,507
"Pittsburgh Pirates",1918,466,412
"St. Louis Browns",1918,426,448
"St. Louis Cardinals",1918,454,527
"Washington Senators",1918,461,412
"Boston Red Sox",1919,564,552
"Brooklyn Robins",1919,525,513
"Boston Braves",1919,465,563
"Chicago White Sox",1919,667,534
"Chicago Cubs",1919,454,407
"Cincinnati Reds",1919,577,401
"Cleveland Indians",1919,636,537
"Detroit Tigers",1919,618,578
"New York Giants",1919,605,470
"New York Yankees",1919,578,506
"Philadelphia Athletics",1919,457,742
"Philadelphia Phillies",1919,510,699
"Pittsburgh Pirates",1919,472,466
"St. Louis Browns",1919,533,567
"St. Louis Cardinals",1919,463,552
"Washington Senators",1919,533,570
"Boston Red Sox",1920,650,698
"Brooklyn Robins",1920,660,528
"Boston Braves",1920,523,670
"Chicago White Sox",1920,794,665
"Chicago Cubs",1920,619,635
"Cincinnati Reds",1920,639,569
"Cleveland Indians",1920,857,642
"Detroit Tigers",1920,652,833
"New York Giants",1920,682,543
"New York Yankees",1920,838,629
"Philadelphia Athletics",1920,558,834
"Philadelphia Phillies",1920,565,714
"Pittsburgh Pirates",1920,530,552
"St. Louis Browns",1920,797,766
"St. Louis Cardinals",1920,675,682
"Washington Senators",1920,723,802
"Boston Red Sox",1921,668,696
"Brooklyn Robins",1921,667,681
"Boston Braves",1921,721,697
"Chicago White Sox",1921,683,858
"Chicago Cubs",1921,668,773
"Cincinnati Reds",1921,618,649
"Cleveland Indians",1921,925,712
"Detroit Tigers",1921,883,852
"New York Giants",1921,840,637
"New York Yankees",1921,948,708
"Philadelphia Athletics",1921,657,894
"Philadelphia Phillies",1921,617,919
"Pittsburgh Pirates",1921,692,595
"St. Louis Browns",1921,835,845
"St. Louis Cardinals",1921,809,681
"Washington Senators",1921,704,738
"Boston Red Sox",1922,598,769
"Brooklyn Robins",1922,743,754
"Boston Braves",1922,596,822
"Chicago White Sox",1922,691,691
"Chicago Cubs",1922,771,808
"Cincinnati Reds",1922,766,677
"Cleveland Indians",1922,768,817
"Detroit Tigers",1922,828,791
"New York Giants",1922,852,658
"New York Yankees",1922,758,618
"Philadelphia Athletics",1922,705,830
"Philadelphia Phillies",1922,738,920
"Pittsburgh Pirates",1922,865,736
"St. Louis Browns",1922,867,643
"St. Louis Cardinals",1922,863,819
"Washington Senators",1922,650,706
"Boston Red Sox",1923,584,809
"Brooklyn Robins",1923,753,741
"Boston Braves",1923,636,798
"Chicago White Sox",1923,692,741
"Chicago Cubs",1923,756,704
"Cincinnati Reds",1923,708,629
"Cleveland Indians",1923,888,746
"Detroit Tigers",1923,831,741
"New York Giants",1923,854,679
"New York Yankees",1923,823,622
"Philadelphia Athletics",1923,661,761
"Philadelphia Phillies",1923,748,1008
"Pittsburgh Pirates",1923,786,696
"St. Louis Browns",1923,688,720
"St. Louis Cardinals",1923,746,732
"Washington Senators",1923,720,747
"Boston Red Sox",1924,737,806
"Brooklyn Robins",1924,717,675
"Boston Braves",1924,520,800
"Chicago White Sox",1924,793,858
"Chicago Cubs",1924,698,699
"Cincinnati Reds",1924,649,579
"Cleveland Indians",1924,755,814
"Detroit Tigers",1924,849,796
"New York Giants",1924,857,641
"New York Yankees",1924,798,667
"Philadelphia Athletics",1924,685,778
"Philadelphia Phillies",1924,676,849
"Pittsburgh Pirates",1924,724,588
"St. Louis Browns",1924,769,809
"St. Louis Cardinals",1924,740,750
"Washington Senators",1924,755,613
"Boston Red Sox",1925,639,922
"Brooklyn Robins",1925,786,866
"Boston Braves",1925,708,802
"Chicago White Sox",1925,811,770
"Chicago Cubs",1925,723,773
"Cincinnati Reds",1925,690,643
"Cleveland Indians",1925,782,817
"Detroit Tigers",1925,903,829
"New York Giants",1925,736,702
"New York Yankees",1925,706,774
"Philadelphia Athletics",1925,831,713
"Philadelphia Phillies",1925,812,930
"Pittsburgh Pirates",1925,912,715
"St. Louis Browns",1925,900,906
"St. Louis Cardinals",1925,828,764
"Washington Senators",1925,829,670
"Boston Red Sox",1926,562,835
"Brooklyn Robins",1926,623,705
"Boston Braves",1926,624,719
"Chicago White Sox",1926,730,665
"Chicago Cubs",1926,682,602
"Cincinnati Reds",1926,747,651
"Cleveland Indians",1926,738,612
"Detroit Tigers",1926,793,830
"New York Giants",1926,663,668
"New York Yankees",1926,847,713
"Philadelphia Athletics",1926,677,570
"Philadelphia Phillies",1926,687,900
"Pittsburgh Pirates",1926,769,689
"St. Louis Browns",1926,682,845
"St. Louis Cardinals",1926,817,678
"Washington Senators",1926,802,761
"Boston Red Sox",1927,597,856
"Brooklyn Robins",1927,541,619
"Boston Braves",1927,651,771
"Chicago White Sox",1927,662,708
"Chicago Cubs",1927,750,661
"Cincinnati Reds",1927,643,653
"Cleveland Indians",1927,668,766
"Detroit Tigers",1927,845,805
"New York Giants",1927,817,720
"New York Yankees",1927,975,599
"Philadelphia Athletics",1927,841,726
"Philadelphia Phillies",1927,678,903
"Pittsburgh Pirates",1927,817,659
"St. Louis Browns",1927,724,904
"St. Louis Cardinals",1927,754,665
"Washington Senators",1927,782,730
"Boston Red Sox",1928,589,770
"Brooklyn Robins",1928,665,640
"Boston Braves",1928,631,878
"Chicago White Sox",1928,656,725
"Chicago Cubs",1928,714,615
"Cincinnati Reds",1928,648,686
"Cleveland Indians",1928,674,830
"Detroit Tigers",1928,744,804
"New York Giants",1928,807,653
"New York Yankees",1928,894,685
"Philadelphia Athletics",1928,829,615
"Philadelphia Phillies",1928,660,957
"Pittsburgh Pirates",1928,837,704
"St. Louis Browns",1928,772,742
"St. Louis Cardinals",1928,807,636
"Washington Senators",1928,718,705
"Boston Red Sox",1929,605,803
"Brooklyn Robins",1929,755,888
"Boston Braves",1929,657,876
"Chicago White Sox",1929,627,792
"Chicago Cubs",1929,982,758
"Cincinnati Reds",1929,686,760
"Cleveland Indians",1929,717,736
"Detroit Tigers",1929,926,928
"New York Giants",1929,897,709
"New York Yankees",1929,899,775
"Philadelphia Athletics",1929,901,615
"Philadelphia Phillies",1929,897,1032
"Pittsburgh Pirates",1929,904,780
"St. Louis Browns",1929,733,713
"St. Louis Cardinals",1929,831,806
"Washington Senators",1929,730,776
"Boston Red Sox",1930,612,814
"Brooklyn Robins",1930,871,738
"Boston Braves",1930,693,835
"Chicago White Sox",1930,729,884
"Chicago Cubs",1930,998,870
"Cincinnati Reds",1930,665,857
"Cleveland Indians",1930,890,915
"Detroit Tigers",1930,783,833
"New York Giants",1930,959,814
"New York Yankees",1930,1062,898
"Philadelphia Athletics",1930,951,751
"Philadelphia Phillies",1930,944,1199
"Pittsburgh Pirates",1930,891,928
"St. Louis Browns",1930,751,886
"St. Louis Cardinals",1930,1004,784
"Washington Senators",1930,892,689
"Boston Red Sox",1931,625,800
"Brooklyn Robins",1931,681,673
"Boston Braves",1931,533,680
"Chicago White Sox",1931,704,939
"Chicago Cubs",1931,828,710
"Cincinnati Reds",1931,592,742
"Cleveland Indians",1931,885,833
"Detroit Tigers",1931,651,836
"New York Giants",1931,768,599
"New York Yankees",1931,1067,760
"Philadelphia Athletics",1931,858,626
"Philadelphia Phillies",1931,684,828
"Pittsburgh Pirates",1931,636,691
"St. Louis Browns",1931,722,870
"St. Louis Cardinals",1931,815,614
"Washington Senators",1931,843,691
"Boston Red Sox",1932,566,915
"Brooklyn Dodgers",1932,752,747
"Boston Braves",1932,649,655
"Chicago White Sox",1932,667,897
"Chicago Cubs",1932,720,633
"Cincinnati Reds",1932,575,715
"Cleveland Indians",1932,845,747
"Detroit Tigers",1932,799,787
"New York Giants",1932,755,706
"New York Yankees",1932,1002,724
"Philadelphia Athletics",1932,981,752
"Philadelphia Phillies",1932,844,796
"Pittsburgh Pirates",1932,701,711
"St. Louis Browns",1932,736,898
"St. Louis Cardinals",1932,684,717
"Washington Senators",1932,840,716
"Boston Red Sox",1933,700,758
"Brooklyn Dodgers",1933,617,695
"Boston Braves",1933,552,531
"Chicago White Sox",1933,683,814
"Chicago Cubs",1933,646,536
"Cincinnati Reds",1933,496,643
"Cleveland Indians",1933,654,669
"Detroit Tigers",1933,722,733
"New York Giants",1933,636,515
"New York Yankees",1933,927,768
"Philadelphia Athletics",1933,875,853
"Philadelphia Phillies",1933,607,760
"Pittsburgh Pirates",1933,667,619
"St. Louis Browns",1933,669,820
"St. Louis Cardinals",1933,687,609
"Washington Senators",1933,850,665
"Boston Red Sox",1934,820,775
"Brooklyn Dodgers",1934,748,795
"Boston Braves",1934,683,714
"Chicago White Sox",1934,704,946
"Chicago Cubs",1934,705,639
"Cincinnati Reds",1934,590,801
"Cleveland Indians",1934,814,763
"Detroit Tigers",1934,958,708
"New York Giants",1934,760,583
"New York Yankees",1934,842,669
"Philadelphia Athletics",1934,764,838
"Philadelphia Phillies",1934,675,794
"Pittsburgh Pirates",1934,735,713
"St. Louis Browns",1934,674,800
"St. Louis Cardinals",1934,799,656
"Washington Senators",1934,729,806
"Boston Red Sox",1935,718,732
"Brooklyn Dodgers",1935,711,767
"Boston Braves",1935,575,852
"Chicago White Sox",1935,738,750
"Chicago Cubs",1935,847,597
"Cincinnati Reds",1935,646,772
"Cleveland Indians",1935,776,739
"Detroit Tigers",1935,919,665
"New York Giants",1935,770,675
"New York Yankees",1935,818,632
"Philadelphia Athletics",1935,710,869
"Philadelphia Phillies",1935,685,871
"Pittsburgh Pirates",1935,743,647
"St. Louis Browns",1935,718,930
"St. Louis Cardinals",1935,829,625
"Washington Senators",1935,823,903
"Boston Red Sox",1936,775,764
"Brooklyn Dodgers",1936,662,752
"Boston Bees",1936,631,715
"Chicago White Sox",1936,920,873
"Chicago Cubs",1936,755,603
"Cincinnati Reds",1936,722,760
"Cleveland Indians",1936,921,862
"Detroit Tigers",1936,921,871
"New York Giants",1936,742,621
"New York Yankees",1936,1065,731
"Philadelphia Athletics",1936,714,1045
"Philadelphia Phillies",1936,726,874
"Pittsburgh Pirates",1936,804,718
"St. Louis Browns",1936,804,1064
"St. Louis Cardinals",1936,795,794
"Washington Senators",1936,889,799
"Boston Red Sox",1937,821,775
"Brooklyn Dodgers",1937,616,772
"Boston Bees",1937,579,556
"Chicago White Sox",1937,780,730
"Chicago Cubs",1937,811,682
"Cincinnati Reds",1937,612,707
"Cleveland Indians",1937,817,768
"Detroit Tigers",1937,935,841
"New York Giants",1937,732,602
"New York Yankees",1937,979,671
"Philadelphia Athletics",1937,699,854
"Philadelphia Phillies",1937,724,869
"Pittsburgh Pirates",1937,704,646
"St. Louis Browns",1937,715,1023
"St. Louis Cardinals",1937,789,733
"Washington Senators",1937,757,841
"Boston Red Sox",1938,902,751
"Brooklyn Dodgers",1938,704,710
"Boston Bees",1938,561,618
"Chicago White Sox",1938,709,752
"Chicago Cubs",1938,713,598
"Cincinnati Reds",1938,723,634
"Cleveland Indians",1938,847,782
"Detroit Tigers",1938,862,795
"New York Giants",1938,705,637
"New York Yankees",1938,966,710
"Philadelphia Athletics",1938,726,956
"Philadelphia Phillies",1938,550,840
"Pittsburgh Pirates",1938,707,630
"St. Louis Browns",1938,755,962
"St. Louis Cardinals",1938,725,721
"Washington Senators",1938,814,873
"Boston Red Sox",1939,890,795
"Brooklyn Dodgers",1939,708,645
"Boston Bees",1939,572,659
"Chicago White Sox",1939,755,737
"Chicago Cubs",1939,724,678
"Cincinnati Reds",1939,767,595
"Cleveland Indians",1939,797,700
"Detroit Tigers",1939,849,762
"New York Giants",1939,703,685
"New York Yankees",1939,967,556
"Philadelphia Athletics",1939,711,1022
"Philadelphia Phillies",1939,553,856
"Pittsburgh Pirates",1939,666,721
"St. Louis Browns",1939,733,1035
"St. Louis Cardinals",1939,779,633
"Washington Senators",1939,702,797
"Boston Red Sox",1940,872,825
"Brooklyn Dodgers",1940,697,621
"Boston Bees",1940,623,745
"Chicago White Sox",1940,735,672
"Chicago Cubs",1940,681,636
"Cincinnati Reds",1940,707,528
"Cleveland Indians",1940,710,637
"Detroit Tigers",1940,888,717
"New York Giants",1940,663,659
"New York Yankees",1940,817,671
"Philadelphia Athletics",1940,703,932
"Philadelphia Phillies",1940,494,750
"Pittsburgh Pirates",1940,809,783
"St. Louis Browns",1940,757,882
"St. Louis Cardinals",1940,747,699
"Washington Senators",1940,665,811
"Boston Red Sox",1941,865,750
"Brooklyn Dodgers",1941,800,581
"Boston Braves",1941,592,720
"Chicago White Sox",1941,638,649
"Chicago Cubs",1941,666,670
"Cincinnati Reds",1941,616,564
"Cleveland Indians",1941,677,668
"Detroit Tigers",1941,686,743
"New York Giants",1941,667,706
"New York Yankees",1941,830,631
"Philadelphia Athletics",1941,713,840
"Philadelphia Phillies",1941,501,793
"Pittsburgh Pirates",1941,690,643
"St. Louis Browns",1941,765,823
"St. Louis Cardinals",1941,734,589
"Washington Senators",1941,728,798
"Boston Red Sox",1942,761,594
"Brooklyn Dodgers",1942,742,510
"Boston Braves",1942,515,645
"Chicago White Sox",1942,538,609
"Chicago Cubs",1942,591,665
"Cincinnati Reds",1942,527,545
"Cleveland Indians",1942,590,659
"Detroit Tigers",1942,589,587
"New York Giants",1942,675,600
"New York Yankees",1942,801,507
"Philadelphia Athletics",1942,549,801
"Philadelphia Phillies",1942,394,706
"Pittsburgh Pirates",1942,585,631
"St. Louis Browns",1942,730,637
"St. Louis Cardinals",1942,755,482
"Washington Senators",1942,653,817
"Boston Red Sox",1943,563,607
"Brooklyn Dodgers",1943,716,674
"Boston Braves",1943,465,612
"Chicago White Sox",1943,573,594
"Chicago Cubs",1943,632,600
"Cincinnati Reds",1943,608,543
"Cleveland Indians",1943,600,577
"Detroit Tigers",1943,632,560
"New York Giants",1943,558,713
"New York Yankees",1943,669,542
"Philadelphia Athletics",1943,497,717
"Philadelphia Blue Jays",1943,571,676
"Pittsburgh Pirates",1943,669,605
"St. Louis Browns",1943,596,604
"St. Louis Cardinals",1943,679,475
"Washington Senators",1943,666,595
"Boston Red Sox",1944,739,676
"Brooklyn Dodgers",1944,690,832
"Boston Braves",1944,593,674
"Chicago White Sox",1944,543,662
"Chicago Cubs",1944,702,669
"Cincinnati Reds",1944,573,537
"Cleveland Indians",1944,643,677
"Detroit Tigers",1944,658,581
"New York Giants",1944,682,773
"New York Yankees",1944,674,617
"Philadelphia Athletics",1944,525,594
"Philadelphia Blue Jays",1944,539,658
"Pittsburgh Pirates",1944,744,662
"St. Louis Browns",1944,684,587
"St. Louis Cardinals",1944,772,490
"Washington Senators",1944,592,664
"Boston Red Sox",1945,599,674
"Brooklyn Dodgers",1945,795,724
"Boston Braves",1945,721,728
"Chicago White Sox",1945,596,633
"Chicago Cubs",1945,735,532
"Cincinnati Reds",1945,536,694
"Cleveland Indians",1945,557,548
"Detroit Tigers",1945,633,565
"New York Giants",1945,668,700
"New York Yankees",1945,676,606
"Philadelphia Athletics",1945,494,638
"Philadelphia Phillies",1945,548,865
"Pittsburgh Pirates",1945,753,686
"St. Louis Browns",1945,597,548
"St. Louis Cardinals",1945,756,583
"Washington Senators",1945,622,562
"Boston Red Sox",1946,792,594
"Brooklyn Dodgers",1946,701,570
"Boston Braves",1946,630,592
"Chicago White Sox",1946,562,595
"Chicago Cubs",1946,626,581
"Cincinnati Reds",1946,523,570
"Cleveland Indians",1946,537,638
"Detroit Tigers",1946,704,567
"New York Giants",1946,612,685
"New York Yankees",1946,684,547
"Philadelphia Athletics",1946,529,680
"Philadelphia Phillies",1946,560,705
"Pittsburgh Pirates",1946,552,668
"St. Louis Browns",1946,621,710
"St. Louis Cardinals",1946,712,545
"Washington Senators",1946,608,706
"Boston Red Sox",1947,720,669
"Brooklyn Dodgers",1947,774,668
"Boston Braves",1947,701,622
"Chicago White Sox",1947,553,661
"Chicago Cubs",1947,567,722
"Cincinnati Reds",1947,681,755
"Cleveland Indians",1947,687,588
"Detroit Tigers",1947,714,642
"New York Giants",1947,830,761
"New York Yankees",1947,794,568
"Philadelphia Athletics",1947,633,614
"Philadelphia Phillies",1947,589,687
"Pittsburgh Pirates",1947,744,817
"St. Louis Browns",1947,564,744
"St. Louis Cardinals",1947,780,634
"Washington Senators",1947,496,675
"Boston Red Sox",1948,907,720
"Brooklyn Dodgers",1948,744,667
"Boston Braves",1948,739,584
"Chicago White Sox",1948,559,814
"Chicago Cubs",1948,597,706
"Cincinnati Reds",1948,588,752
"Cleveland Indians",1948,840,568
"Detroit Tigers",1948,700,726
"New York Giants",1948,780,704
"New York Yankees",1948,857,633
"Philadelphia Athletics",1948,729,735
"Philadelphia Phillies",1948,591,729
"Pittsburgh Pirates",1948,706,699
"St. Louis Browns",1948,671,849
"St. Louis Cardinals",1948,742,646
"Washington Senators",1948,578,796
"Boston Red Sox",1949,896,667
"Brooklyn Dodgers",1949,879,651
"Boston Braves",1949,706,719
"Chicago White Sox",1949,648,737
"Chicago Cubs",1949,593,773
"Cincinnati Reds",1949,627,770
"Cleveland Indians",1949,675,574
"Detroit Tigers",1949,751,655
"New York Giants",1949,736,693
"New York Yankees",1949,829,637
"Philadelphia Athletics",1949,726,725
"Philadelphia Phillies",1949,662,668
"Pittsburgh Pirates",1949,681,760
"St. Louis Browns",1949,667,913
"St. Louis Cardinals",1949,766,616
"Washington Senators",1949,584,868
"Boston Red Sox",1950,1027,804
"Brooklyn Dodgers",1950,847,724
"Boston Braves",1950,785,736
"Chicago White Sox",1950,625,749
"Chicago Cubs",1950,643,772
"Cincinnati Reds",1950,654,734
"Cleveland Indians",1950,806,654
"Detroit Tigers",1950,837,713
"New York Giants",1950,735,643
"New York Yankees",1950,914,691
"Philadelphia Athletics",1950,670,913
"Philadelphia Phillies",1950,722,624
"Pittsburgh Pirates",1950,681,857
"St. Louis Browns",1950,684,916
"St. Louis Cardinals",1950,693,670
"Washington Senators",1950,690,813
"Boston Red Sox",1951,804,725
"Brooklyn Dodgers",1951,855,672
"Boston Braves",1951,723,662
"Chicago White Sox",1951,714,644
"Chicago Cubs",1951,614,750
"Cincinnati Reds",1951,559,667
"Cleveland Indians",1951,696,594
"Detroit Tigers",1951,685,741
"New York Giants",1951,781,641
"New York Yankees",1951,798,621
"Philadelphia Athletics",1951,736,745
"Philadelphia Phillies",1951,648,644
"Pittsburgh Pirates",1951,689,845
"St. Louis Browns",1951,611,882
"St. Louis Cardinals",1951,683,671
"Washington Senators",1951,672,764
"Boston Red Sox",1952,668,658
"Brooklyn Dodgers",1952,775,603
"Boston Braves",1952,569,651
"Chicago White Sox",1952,610,568
"Chicago Cubs",1952,628,631
"Cincinnati Reds",1952,615,659
"Cleveland Indians",1952,763,606
"Detroit Tigers",1952,557,738
"New York Giants",1952,722,639
"New York Yankees",1952,727,557
"Philadelphia Athletics",1952,664,723
"Philadelphia Phillies",1952,657,552
"Pittsburgh Pirates",1952,515,793
"St. Louis Browns",1952,604,733
"St. Louis Cardinals",1952,677,630
"Washington Senators",1952,598,608
"Boston Red Sox",1953,656,632
"Brooklyn Dodgers",1953,955,689
"Chicago White Sox",1953,716,592
"Chicago Cubs",1953,633,835
"Cincinnati Reds",1953,714,788
"Cleveland Indians",1953,770,627
"Detroit Tigers",1953,695,923
"Milwaukee Braves",1953,738,589
"New York Giants",1953,768,747
"New York Yankees",1953,801,547
"Philadelphia Athletics",1953,632,799
"Philadelphia Phillies",1953,716,666
"Pittsburgh Pirates",1953,622,887
"St. Louis Browns",1953,555,778
"St. Louis Cardinals",1953,768,713
"Washington Senators",1953,687,614
"Baltimore Orioles",1954,483,668
"Boston Red Sox",1954,700,728
"Brooklyn Dodgers",1954,778,740
"Chicago White Sox",1954,711,521
"Chicago Cubs",1954,700,766
"Cincinnati Redlegs",1954,729,763
"Cleveland Indians",1954,746,504
"Detroit Tigers",1954,584,664
"Milwaukee Braves",1954,670,556
"New York Giants",1954,732,550
"New York Yankees",1954,805,563
"Philadelphia Athletics",1954,542,875
"Philadelphia Phillies",1954,659,614
"Pittsburgh Pirates",1954,557,845
"St. Louis Cardinals",1954,799,790
"Washington Senators",1954,632,680
"Baltimore Orioles",1955,540,754
"Boston Red Sox",1955,755,652
"Brooklyn Dodgers",1955,857,650
"Chicago White Sox",1955,725,557
"Chicago Cubs",1955,626,713
"Cincinnati Redlegs",1955,761,684
"Cleveland Indians",1955,698,601
"Detroit Tigers",1955,775,658
"Kansas City Athletics",1955,638,911
"Milwaukee Braves",1955,743,668
"New York Giants",1955,702,673
"New York Yankees",1955,762,569
"Philadelphia Phillies",1955,675,666
"Pittsburgh Pirates",1955,560,767
"St. Louis Cardinals",1955,654,757
"Washington Senators",1955,598,789
"Baltimore Orioles",1956,571,705
"Boston Red Sox",1956,780,751
"Brooklyn Dodgers",1956,720,601
"Chicago White Sox",1956,776,634
"Chicago Cubs",1956,597,708
"Cincinnati Redlegs",1956,775,658
"Cleveland Indians",1956,712,581
"Detroit Tigers",1956,789,699
"Kansas City Athletics",1956,619,831
"Milwaukee Braves",1956,709,569
"New York Giants",1956,540,650
"New York Yankees",1956,857,631
"Philadelphia Phillies",1956,668,738
"Pittsburgh Pirates",1956,588,653
"St. Louis Cardinals",1956,678,698
"Washington Senators",1956,652,924
"Baltimore Orioles",1957,597,588
"Boston Red Sox",1957,721,668
"Brooklyn Dodgers",1957,690,591
"Chicago White Sox",1957,707,566
"Chicago Cubs",1957,628,722
"Cincinnati Redlegs",1957,747,781
"Cleveland Indians",1957,682,722
"Detroit Tigers",1957,614,614
"Kansas City Athletics",1957,563,710
"Milwaukee Braves",1957,772,613
"New York Giants",1957,643,701
"New York Yankees",1957,723,534
"Philadelphia Phillies",1957,623,656
"Pittsburgh Pirates",1957,586,696
"St. Louis Cardinals",1957,737,666
"Washington Senators",1957,603,808
"Baltimore Orioles",1958,521,575
"Boston Red Sox",1958,697,691
"Chicago White Sox",1958,634,615
"Chicago Cubs",1958,709,725
"Cincinnati Redlegs",1958,695,621
"Cleveland Indians",1958,694,635
"Detroit Tigers",1958,659,606
"Kansas City Athletics",1958,642,713
"Los Angeles Dodgers",1958,668,761
"Milwaukee Braves",1958,675,541
"New York Yankees",1958,759,577
"Philadelphia Phillies",1958,664,762
"Pittsburgh Pirates",1958,662,607
"San Francisco Giants",1958,727,698
"St. Louis Cardinals",1958,619,704
"Washington Senators",1958,553,747
"Baltimore Orioles",1959,551,621
"Boston Red Sox",1959,726,696
"Chicago White Sox",1959,669,588
"Chicago Cubs",1959,673,688
"Cincinnati Redlegs",1959,764,738
"Cleveland Indians",1959,745,646
"Detroit Tigers",1959,713,732
"Kansas City Athletics",1959,681,760
"Los Angeles Dodgers",1959,705,670
"Milwaukee Braves",1959,724,623
"New York Yankees",1959,687,647
"Philadelphia Phillies",1959,599,725
"Pittsburgh Pirates",1959,651,680
"San Francisco Giants",1959,705,613
"St. Louis Cardinals",1959,641,725
"Washington Senators",1959,619,701
"Baltimore Orioles",1960,682,606
"Boston Red Sox",1960,658,775
"Chicago White Sox",1960,741,617
"Chicago Cubs",1960,634,776
"Cincinnati Reds",1960,640,692
"Cleveland Indians",1960,667,693
"Detroit Tigers",1960,633,644
"Kansas City Athletics",1960,615,756
"Los Angeles Dodgers",1960,662,593
"Milwaukee Braves",1960,724,658
"New York Yankees",1960,746,627
"Philadelphia Phillies",1960,546,691
"Pittsburgh Pirates",1960,734,593
"San Francisco Giants",1960,671,631
"St. Louis Cardinals",1960,639,616
"Washington Senators",1960,672,696
"Baltimore Orioles",1961,691,588
"Boston Red Sox",1961,729,792
"Chicago White Sox",1961,765,726
"Chicago Cubs",1961,689,800
"Cincinnati Reds",1961,710,653
"Cleveland Indians",1961,737,752
"Detroit Tigers",1961,841,671
"Kansas City Athletics",1961,683,863
"Los Angeles Angels",1961,744,784
"Los Angeles Dodgers",1961,735,697
"Minnesota Twins",1961,707,778
"Milwaukee Braves",1961,712,656
"New York Yankees",1961,827,612
"Philadelphia Phillies",1961,584,796
"Pittsburgh Pirates",1961,694,675
"San Francisco Giants",1961,773,655
"St. Louis Cardinals",1961,703,668
"Washington Senators",1961,618,776
"Baltimore Orioles",1962,652,680
"Boston Red Sox",1962,707,756
"Chicago White Sox",1962,707,658
"Chicago Cubs",1962,632,827
"Cincinnati Reds",1962,802,685
"Cleveland Indians",1962,682,745
"Detroit Tigers",1962,758,692
"Houston Colt .45's",1962,592,717
"Kansas City Athletics",1962,745,837
"Los Angeles Angels",1962,718,706
"Los Angeles Dodgers",1962,842,697
"Minnesota Twins",1962,798,713
"Milwaukee Braves",1962,730,665
"New York Yankees",1962,817,680
"New York Mets",1962,617,948
"Philadelphia Phillies",1962,705,759
"Pittsburgh Pirates",1962,706,626
"San Francisco Giants",1962,878,690
"St. Louis Cardinals",1962,774,664
"Washington Senators",1962,599,716
"Baltimore Orioles",1963,644,621
"Boston Red Sox",1963,666,704
"Chicago White Sox",1963,683,544
"Chicago Cubs",1963,570,578
"Cincinnati Reds",1963,648,594
"Cleveland Indians",1963,635,702
"Detroit Tigers",1963,700,703
"Houston Colt .45's",1963,464,640
"Kansas City Athletics",1963,615,704
"Los Angeles Angels",1963,597,660
"Los Angeles Dodgers",1963,640,550
"Minnesota Twins",1963,767,602
"Milwaukee Braves",1963,677,603
"New York Yankees",1963,714,547
"New York Mets",1963,501,774
"Philadelphia Phillies",1963,642,578
"Pittsburgh Pirates",1963,567,595
"San Francisco Giants",1963,725,641
"St. Louis Cardinals",1963,747,628
"Washington Senators",1963,578,812
"Baltimore Orioles",1964,679,567
"Boston Red Sox",1964,688,793
"Chicago White Sox",1964,642,501
"Chicago Cubs",1964,649,724
"Cincinnati Reds",1964,660,566
"Cleveland Indians",1964,689,693
"Detroit Tigers",1964,699,678
"Houston Colt .45's",1964,495,628
"Kansas City Athletics",1964,621,836
"Los Angeles Angels",1964,544,551
"Los Angeles Dodgers",1964,614,572
"Minnesota Twins",1964,737,678
"Milwaukee Braves",1964,803,744
"New York Yankees",1964,730,577
"New York Mets",1964,569,776
"Philadelphia Phillies",1964,693,632
"Pittsburgh Pirates",1964,663,636
"San Francisco Giants",1964,656,587
"St. Louis Cardinals",1964,715,652
"Washington Senators",1964,578,733
"Baltimore Orioles",1965,641,578
"Boston Red Sox",1965,669,791
"California Angels",1965,527,569
"Chicago White Sox",1965,647,555
"Chicago Cubs",1965,635,723
"Cincinnati Reds",1965,825,704
"Cleveland Indians",1965,663,613
"Detroit Tigers",1965,680,602
"Houston Astros",1965,569,711
"Kansas City Athletics",1965,585,755
"Los Angeles Dodgers",1965,608,521
"Minnesota Twins",1965,774,600
"Milwaukee Braves",1965,708,633
"New York Yankees",1965,611,604
"New York Mets",1965,495,752
"Philadelphia Phillies",1965,654,667
"Pittsburgh Pirates",1965,675,580
"San Francisco Giants",1965,682,593
"St. Louis Cardinals",1965,707,674
"Washington Senators",1965,591,721
"Atlanta Braves",1966,782,683
"Baltimore Orioles",1966,755,601
"Boston Red Sox",1966,655,731
"California Angels",1966,604,643
"Chicago White Sox",1966,574,517
"Chicago Cubs",1966,644,809
"Cincinnati Reds",1966,692,702
"Cleveland Indians",1966,574,586
"Detroit Tigers",1966,719,698
"Houston Astros",1966,612,695
"Kansas City Athletics",1966,564,648
"Los Angeles Dodgers",1966,606,490
"Minnesota Twins",1966,663,581
"New York Yankees",1966,611,612
"New York Mets",1966,587,761
"Philadelphia Phillies",1966,696,640
"Pittsburgh Pirates",1966,759,641
"San Francisco Giants",1966,675,626
"St. Louis Cardinals",1966,571,577
"Washington Senators",1966,557,659
"Atlanta Braves",1967,631,640
"Baltimore Orioles",1967,654,592
"Boston Red Sox",1967,722,614
"California Angels",1967,567,587
"Chicago White Sox",1967,531,491
"Chicago Cubs",1967,702,624
"Cincinnati Reds",1967,604,563
"Cleveland Indians",1967,559,613
"Detroit Tigers",1967,683,587
"Houston Astros",1967,626,742
"Kansas City Athletics",1967,533,660
"Los Angeles Dodgers",1967,519,595
"Minnesota Twins",1967,671,590
"New York Yankees",1967,522,621
"New York Mets",1967,498,672
"Philadelphia Phillies",1967,612,581
"Pittsburgh Pirates",1967,679,693
"San Francisco Giants",1967,652,551
"St. Louis Cardinals",1967,695,557
"Washington Senators",1967,550,637
"Atlanta Braves",1968,514,549
"Baltimore Orioles",1968,579,497
"Boston Red Sox",1968,614,611
"California Angels",1968,498,615
"Chicago White Sox",1968,463,527
"Chicago Cubs",1968,612,611
"Cincinnati Reds",1968,690,673
"Cleveland Indians",1968,516,504
"Detroit Tigers",1968,671,492
"Houston Astros",1968,510,588
"Los Angeles Dodgers",1968,470,509
"Minnesota Twins",1968,562,546
"New York Yankees",1968,536,531
"New York Mets",1968,473,499
"Oakland Athletics",1968,569,544
"Philadelphia Phillies",1968,543,615
"Pittsburgh Pirates",1968,583,532
"San Francisco Giants",1968,599,529
"St. Louis Cardinals",1968,583,472
"Washington Senators",1968,524,665
"Atlanta Braves",1969,691,631
"Baltimore Orioles",1969,779,517
"Boston Red Sox",1969,743,736
"California Angels",1969,528,652
"Chicago White Sox",1969,625,723
"Chicago Cubs",1969,720,611
"Cincinnati Reds",1969,798,768
"Cleveland Indians",1969,573,717
"Detroit Tigers",1969,701,601
"Houston Astros",1969,676,668
"Kansas City Royals",1969,586,688
"Los Angeles Dodgers",1969,645,561
"Minnesota Twins",1969,790,618
"Montreal Expos",1969,582,791
"New York Yankees",1969,562,587
"New York Mets",1969,632,541
"Oakland Athletics",1969,740,678
"Philadelphia Phillies",1969,645,745
"Pittsburgh Pirates",1969,725,652
"San Diego Padres",1969,468,746
"Seattle Pilots",1969,639,799
"San Francisco Giants",1969,713,636
"St. Louis Cardinals",1969,595,540
"Washington Senators",1969,694,644
"Atlanta Braves",1970,736,772
"Baltimore Orioles",1970,792,574
"Boston Red Sox",1970,786,722
"California Angels",1970,631,630
"Chicago White Sox",1970,633,822
"Chicago Cubs",1970,806,679
"Cincinnati Reds",1970,775,681
"Cleveland Indians",1970,649,675
"Detroit Tigers",1970,666,731
"Houston Astros",1970,744,763
"Kansas City Royals",1970,611,705
"Los Angeles Dodgers",1970,749,684
"Minnesota Twins",1970,744,605
"Milwaukee Brewers",1970,613,751
"Montreal Expos",1970,687,807
"New York Yankees",1970,680,612
"New York Mets",1970,695,630
"Oakland Athletics",1970,678,593
"Philadelphia Phillies",1970,594,730
"Pittsburgh Pirates",1970,729,664
"San Diego Padres",1970,681,788
"San Francisco Giants",1970,831,826
"St. Louis Cardinals",1970,744,747
"Washington Senators",1970,626,689
"Atlanta Braves",1971,643,699
"Baltimore Orioles",1971,742,530
"Boston Red Sox",1971,691,667
"California Angels",1971,511,576
"Chicago White Sox",1971,617,597
"Chicago Cubs",1971,637,648
"Cincinnati Reds",1971,586,581
"Cleveland Indians",1971,543,747
"Detroit Tigers",1971,701,645
"Houston Astros",1971,585,567
"Kansas City Royals",1971,603,566
"Los Angeles Dodgers",1971,663,587
"Minnesota Twins",1971,654,670
"Milwaukee Brewers",1971,534,609
"Montreal Expos",1971,622,729
"New York Yankees",1971,648,641
"New York Mets",1971,588,550
"Oakland Athletics",1971,691,564
"Philadelphia Phillies",1971,558,688
"Pittsburgh Pirates",1971,788,599
"San Diego Padres",1971,486,610
"San Francisco Giants",1971,706,644
"St. Louis Cardinals",1971,739,699
"Washington Senators",1971,537,660
"Atlanta Braves",1972,628,730
"Baltimore Orioles",1972,519,430
"Boston Red Sox",1972,640,620
"California Angels",1972,454,533
"Chicago White Sox",1972,566,538
"Chicago Cubs",1972,685,567
"Cincinnati Reds",1972,707,557
"Cleveland Indians",1972,472,519
"Detroit Tigers",1972,558,514
"Houston Astros",1972,708,636
"Kansas City Royals",1972,580,545
"Los Angeles Dodgers",1972,584,527
"Minnesota Twins",1972,537,535
"Milwaukee Brewers",1972,493,595
"Montreal Expos",1972,513,609
"New York Yankees",1972,557,527
"New York Mets",1972,528,578
"Oakland Athletics",1972,604,457
"Philadelphia Phillies",1972,503,635
"Pittsburgh Pirates",1972,691,512
"San Diego Padres",1972,488,665
"San Francisco Giants",1972,662,649
"St. Louis Cardinals",1972,568,600
"Texas Rangers",1972,461,628
"Atlanta Braves",1973,799,774
"Baltimore Orioles",1973,754,561
"Boston Red Sox",1973,738,647
"California Angels",1973,629,657
"Chicago White Sox",1973,652,705
"Chicago Cubs",1973,614,655
"Cincinnati Reds",1973,741,621
"Cleveland Indians",1973,680,826
"Detroit Tigers",1973,642,674
"Houston Astros",1973,681,672
"Kansas City Royals",1973,755,752
"Los Angeles Dodgers",1973,675,565
"Minnesota Twins",1973,738,692
"Milwaukee Brewers",1973,708,731
"Montreal Expos",1973,668,702
"New York Yankees",1973,641,610
"New York Mets",1973,608,588
"Oakland Athletics",1973,758,615
"Philadelphia Phillies",1973,642,717
"Pittsburgh Pirates",1973,704,693
"San Diego Padres",1973,548,770
"San Francisco Giants",1973,739,702
"St. Louis Cardinals",1973,643,603
"Texas Rangers",1973,619,844
"Atlanta Braves",1974,661,563
"Baltimore Orioles",1974,659,612
"Boston Red Sox",1974,696,661
"California Angels",1974,618,657
"Chicago White Sox",1974,684,721
"Chicago Cubs",1974,669,826
"Cincinnati Reds",1974,776,631
"Cleveland Indians",1974,662,694
"Detroit Tigers",1974,620,768
"Houston Astros",1974,653,632
"Kansas City Royals",1974,667,662
"Los Angeles Dodgers",1974,798,561
"Minnesota Twins",1974,673,669
"Milwaukee Brewers",1974,647,660
"Montreal Expos",1974,662,657
"New York Yankees",1974,671,623
"New York Mets",1974,572,646
"Oakland Athletics",1974,689,551
"Philadelphia Phillies",1974,676,701
"Pittsburgh Pirates",1974,751,657
"San Diego Padres",1974,541,830
"San Francisco Giants",1974,634,723
"St. Louis Cardinals",1974,677,643
"Texas Rangers",1974,690,698
"Atlanta Braves",1975,583,739
"Baltimore Orioles",1975,682,553
"Boston Red Sox",1975,796,709
"California Angels",1975,628,723
"Chicago White Sox",1975,655,703
"Chicago Cubs",1975,712,827
"Cincinnati Reds",1975,840,586
"Cleveland Indians",1975,688,703
"Detroit Tigers",1975,570,786
"Houston Astros",1975,664,711
"Kansas City Royals",1975,710,649
"Los Angeles Dodgers",1975,648,534
"Minnesota Twins",1975,724,736
"Milwaukee Brewers",1975,675,792
"Montreal Expos",1975,601,690
"New York Yankees",1975,681,588
"New York Mets",1975,646,625
"Oakland Athletics",1975,758,606
"Philadelphia Phillies",1975,735,694
"Pittsburgh Pirates",1975,712,565
"San Diego Padres",1975,552,683
"San Francisco Giants",1975,659,671
"St. Louis Cardinals",1975,662,689
"Texas Rangers",1975,714,733
"Atlanta Braves",1976,620,700
"Baltimore Orioles",1976,619,598
"Boston Red Sox",1976,716,660
"California Angels",1976,550,631
"Chicago White Sox",1976,586,745
"Chicago Cubs",1976,611,728
"Cincinnati Reds",1976,857,633
"Cleveland Indians",1976,615,615
"Detroit Tigers",1976,609,709
"Houston Astros",1976,625,657
"Kansas City Royals",1976,713,611
"Los Angeles Dodgers",1976,608,543
"Minnesota Twins",1976,743,704
"Milwaukee Brewers",1976,570,655
"Montreal Expos",1976,531,734
"New York Yankees",1976,730,575
"New York Mets",1976,615,538
"Oakland Athletics",1976,686,598
"Philadelphia Phillies",1976,770,557
"Pittsburgh Pirates",1976,708,630
"San Diego Padres",1976,570,662
"San Francisco Giants",1976,595,686
"St. Louis Cardinals",1976,629,671
"Texas Rangers",1976,616,652
"Atlanta Braves",1977,678,895
"Baltimore Orioles",1977,719,653
"Boston Red Sox",1977,859,712
"California Angels",1977,675,695
"Chicago White Sox",1977,844,771
"Chicago Cubs",1977,692,739
"Cincinnati Reds",1977,802,725
"Cleveland Indians",1977,676,739
"Detroit Tigers",1977,714,751
"Houston Astros",1977,680,650
"Kansas City Royals",1977,822,651
"Los Angeles Dodgers",1977,769,582
"Minnesota Twins",1977,867,776
"Milwaukee Brewers",1977,639,765
"Montreal Expos",1977,665,736
"New York Yankees",1977,831,651
"New York Mets",1977,587,663
"Oakland Athletics",1977,605,749
"Philadelphia Phillies",1977,847,668
"Pittsburgh Pirates",1977,734,665
"San Diego Padres",1977,692,834
"Seattle Mariners",1977,624,855
"San Francisco Giants",1977,673,711
"St. Louis Cardinals",1977,737,688
"Texas Rangers",1977,767,657
"Toronto Blue Jays",1977,605,822
"Atlanta Braves",1978,600,750
"Baltimore Orioles",1978,659,633
"Boston Red Sox",1978,796,657
"California Angels",1978,691,666
"Chicago White Sox",1978,634,731
"Chicago Cubs",1978,664,724
"Cincinnati Reds",1978,710,688
"Cleveland Indians",1978,639,694
"Detroit Tigers",1978,714,653
"Houston Astros",1978,605,634
"Kansas City Royals",1978,743,634
"Los Angeles Dodgers",1978,727,573
"Minnesota Twins",1978,666,678
"Milwaukee Brewers",1978,804,650
"Montreal Expos",1978,633,611
"New York Yankees",1978,735,582
"New York Mets",1978,607,690
"Oakland Athletics",1978,532,690
"Philadelphia Phillies",1978,708,586
"Pittsburgh Pirates",1978,684,637
"San Diego Padres",1978,591,598
"Seattle Mariners",1978,614,834
"San Francisco Giants",1978,613,594
"St. Louis Cardinals",1978,600,657
"Texas Rangers",1978,692,632
"Toronto Blue Jays",1978,590,775
"Atlanta Braves",1979,669,763
"Baltimore Orioles",1979,757,582
"Boston Red Sox",1979,841,711
"California Angels",1979,866,768
"Chicago White Sox",1979,730,748
"Chicago Cubs",1979,706,707
"Cincinnati Reds",1979,731,644
"Cleveland Indians",1979,760,805
"Detroit Tigers",1979,770,738
"Houston Astros",1979,583,582
"Kansas City Royals",1979,851,816
"Los Angeles Dodgers",1979,739,717
"Minnesota Twins",1979,764,725
"Milwaukee Brewers",1979,807,722
"Montreal Expos",1979,701,581
"New York Yankees",1979,734,672
"New York Mets",1979,593,706
"Oakland Athletics",1979,573,860
"Philadelphia Phillies",1979,683,718
"Pittsburgh Pirates",1979,775,643
"San Diego Padres",1979,603,681
"Seattle Mariners",1979,711,820
"San Francisco Giants",1979,672,751
"St. Louis Cardinals",1979,731,693
"Texas Rangers",1979,750,698
"Toronto Blue Jays",1979,613,862
"Atlanta Braves",1980,630,660
"Baltimore Orioles",1980,805,640
"Boston Red Sox",1980,757,767
"California Angels",1980,698,797
"Chicago White Sox",1980,587,722
"Chicago Cubs",1980,614,728
"Cincinnati Reds",1980,707,670
"Cleveland Indians",1980,738,807
"Detroit Tigers",1980,830,757
"Houston Astros",1980,637,589
"Kansas City Royals",1980,809,694
"Los Angeles Dodgers",1980,663,591
"Minnesota Twins",1980,670,724
"Milwaukee Brewers",1980,811,682
"Montreal Expos",1980,694,629
"New York Yankees",1980,820,662
"New York Mets",1980,611,702
"Oakland Athletics",1980,686,642
"Philadelphia Phillies",1980,728,639
"Pittsburgh Pirates",1980,666,646
"San Diego Padres",1980,591,654
"Seattle Mariners",1980,610,793
"San Francisco Giants",1980,573,634
"St. Louis Cardinals",1980,738,710
"Texas Rangers",1980,756,752
"Toronto Blue Jays",1980,624,762
"Atlanta Braves",1981,395,416
"Baltimore Orioles",1981,429,437
"Boston Red Sox",1981,519,481
"California Angels",1981,476,453
"Chicago White Sox",1981,476,423
"Chicago Cubs",1981,370,483
"Cincinnati Reds",1981,464,440
"Cleveland Indians",1981,431,442
"Detroit Tigers",1981,427,404
"Houston Astros",1981,394,331
"Kansas City Royals",1981,397,405
"Los Angeles Dodgers",1981,450,356
"Minnesota Twins",1981,378,486
"Milwaukee Brewers",1981,493,459
"Montreal Expos",1981,443,394
"New York Yankees",1981,421,343
"New York Mets",1981,348,432
"Oakland Athletics",1981,458,403
"Philadelphia Phillies",1981,491,472
"Pittsburgh Pirates",1981,407,425
"San Diego Padres",1981,382,455
"Seattle Mariners",1981,426,521
"San Francisco Giants",1981,427,414
"St. Louis Cardinals",1981,464,417
"Texas Rangers",1981,452,389
"Toronto Blue Jays",1981,329,466
"Atlanta Braves",1982,739,702
"Baltimore Orioles",1982,774,687
"Boston Red Sox",1982,753,713
"California Angels",1982,814,670
"Chicago White Sox",1982,786,710
"Chicago Cubs",1982,676,709
"Cincinnati Reds",1982,545,661
"Cleveland Indians",1982,683,748
"Detroit Tigers",1982,729,685
"Houston Astros",1982,569,620
"Kansas City Royals",1982,784,717
"Los Angeles Dodgers",1982,691,612
"Minnesota Twins",1982,657,819
"Milwaukee Brewers",1982,891,717
"Montreal Expos",1982,697,616
"New York Yankees",1982,709,716
"New York Mets",1982,609,723
"Oakland Athletics",1982,691,819
"Philadelphia Phillies",1982,664,654
"Pittsburgh Pirates",1982,724,696
"San Diego Padres",1982,675,658
"Seattle Mariners",1982,651,712
"San Francisco Giants",1982,673,687
"St. Louis Cardinals",1982,685,609
"Texas Rangers",1982,590,749
"Toronto Blue Jays",1982,651,701
"Atlanta Braves",1983,746,640
"Baltimore Orioles",1983,799,652
"Boston Red Sox",1983,724,775
"California Angels",1983,722,779
"Chicago White Sox",1983,800,650
"Chicago Cubs",1983,701,719
"Cincinnati Reds",1983,623,710
"Cleveland Indians",1983,704,785
"Detroit Tigers",1983,789,679
"Houston Astros",1983,643,646
"Kansas City Royals",1983,696,767
"Los Angeles Dodgers",1983,654,609
"Minnesota Twins",1983,709,822
"Milwaukee Brewers",1983,764,708
"Montreal Expos",1983,677,646
"New York Yankees",1983,770,703
"New York Mets",1983,575,680
"Oakland Athletics",1983,708,782
"Philadelphia Phillies",1983,696,635
"Pittsburgh Pirates",1983,659,648
"San Diego Padres",1983,653,653
"Seattle Mariners",1983,558,740
"San Francisco Giants",1983,687,697
"St. Louis Cardinals",1983,679,710
"Texas Rangers",1983,639,609
"Toronto Blue Jays",1983,795,726
"Atlanta Braves",1984,632,655
"Baltimore Orioles",1984,681,667
"Boston Red Sox",1984,810,764
"California Angels",1984,696,697
"Chicago White Sox",1984,679,736
"Chicago Cubs",1984,762,658
"Cincinnati Reds",1984,627,747
"Cleveland Indians",1984,761,766
"Detroit Tigers",1984,829,643
"Houston Astros",1984,693,630
"Kansas City Royals",1984,673,686
"Los Angeles Dodgers",1984,580,600
"Minnesota Twins",1984,673,675
"Milwaukee Brewers",1984,641,734
"Montreal Expos",1984,593,585
"New York Yankees",1984,758,679
"New York Mets",1984,652,676
"Oakland Athletics",1984,738,796
"Philadelphia Phillies",1984,720,690
"Pittsburgh Pirates",1984,615,567
"San Diego Padres",1984,686,634
"Seattle Mariners",1984,682,774
"San Francisco Giants",1984,682,807
"St. Louis Cardinals",1984,652,645
"Texas Rangers",1984,656,714
"Toronto Blue Jays",1984,750,696
"Atlanta Braves",1985,632,781
"Baltimore Orioles",1985,818,764
"Boston Red Sox",1985,800,720
"California Angels",1985,732,703
"Chicago White Sox",1985,736,720
"Chicago Cubs",1985,686,729
"Cincinnati Reds",1985,677,666
"Cleveland Indians",1985,729,861
"Detroit Tigers",1985,729,688
"Houston Astros",1985,706,691
"Kansas City Royals",1985,687,639
"Los Angeles Dodgers",1985,682,579
"Minnesota Twins",1985,705,782
"Milwaukee Brewers",1985,690,802
"Montreal Expos",1985,633,636
"New York Yankees",1985,839,660
"New York Mets",1985,695,568
"Oakland Athletics",1985,757,787
"Philadelphia Phillies",1985,667,673
"Pittsburgh Pirates",1985,568,708
"San Diego Padres",1985,650,622
"Seattle Mariners",1985,719,818
"San Francisco Giants",1985,556,674
"St. Louis Cardinals",1985,747,572
"Texas Rangers",1985,617,785
"Toronto Blue Jays",1985,759,588
"Atlanta Braves",1986,615,719
"Baltimore Orioles",1986,708,760
"Boston Red Sox",1986,794,696
"California Angels",1986,786,684
"Chicago White Sox",1986,644,699
"Chicago Cubs",1986,680,781
"Cincinnati Reds",1986,732,717
"Cleveland Indians",1986,831,841
"Detroit Tigers",1986,798,714
"Houston Astros",1986,654,569
"Kansas City Royals",1986,654,673
"Los Angeles Dodgers",1986,638,679
"Minnesota Twins",1986,741,839
"Milwaukee Brewers",1986,667,734
"Montreal Expos",1986,637,688
"New York Yankees",1986,797,738
"New York Mets",1986,783,578
"Oakland Athletics",1986,731,760
"Philadelphia Phillies",1986,739,713
"Pittsburgh Pirates",1986,663,700
"San Diego Padres",1986,656,723
"Seattle Mariners",1986,718,835
"San Francisco Giants",1986,698,618
"St. Louis Cardinals",1986,601,611
"Texas Rangers",1986,771,743
"Toronto Blue Jays",1986,809,733
"Atlanta Braves",1987,747,829
"Baltimore Orioles",1987,729,880
"Boston Red Sox",1987,842,825
"California Angels",1987,770,803
"Chicago White Sox",1987,748,746
"Chicago Cubs",1987,720,801
"Cincinnati Reds",1987,783,752
"Cleveland Indians",1987,742,957
"Detroit Tigers",1987,896,735
"Houston Astros",1987,648,678
"Kansas City Royals",1987,715,691
"Los Angeles Dodgers",1987,635,675
"Minnesota Twins",1987,786,806
"Milwaukee Brewers",1987,862,817
"Montreal Expos",1987,741,720
"New York Yankees",1987,788,758
"New York Mets",1987,823,698
"Oakland Athletics",1987,806,789
"Philadelphia Phillies",1987,702,749
"Pittsburgh Pirates",1987,723,744
"San Diego Padres",1987,668,763
"Seattle Mariners",1987,760,801
"San Francisco Giants",1987,783,669
"St. Louis Cardinals",1987,798,693
"Texas Rangers",1987,823,849
"Toronto Blue Jays",1987,845,655
"Atlanta Braves",1988,555,741
"Baltimore Orioles",1988,550,789
"Boston Red Sox",1988,813,689
"California Angels",1988,714,771
"Chicago White Sox",1988,631,757
"Chicago Cubs",1988,660,694
"Cincinnati Reds",1988,641,596
"Cleveland Indians",1988,666,731
"Detroit Tigers",1988,703,658
"Houston Astros",1988,617,631
"Kansas City Royals",1988,704,648
"Los Angeles Dodgers",1988,628,544
"Minnesota Twins",1988,759,672
"Milwaukee Brewers",1988,682,616
"Montreal Expos",1988,628,592
"New York Yankees",1988,772,748
"New York Mets",1988,703,532
"Oakland Athletics",1988,800,620
"Philadelphia Phillies",1988,597,734
"Pittsburgh Pirates",1988,651,616
"San Diego Padres",1988,594,583
"Seattle Mariners",1988,664,744
"San Francisco Giants",1988,670,626
"St. Louis Cardinals",1988,578,633
"Texas Rangers",1988,637,735
"Toronto Blue Jays",1988,763,680
"Atlanta Braves",1989,584,680
"Baltimore Orioles",1989,708,686
"Boston Red Sox",1989,774,735
"California Angels",1989,669,578
"Chicago White Sox",1989,693,750
"Chicago Cubs",1989,702,623
"Cincinnati Reds",1989,632,691
"Cleveland Indians",1989,604,654
"Detroit Tigers",1989,617,816
"Houston Astros",1989,647,669
"Kansas City Royals",1989,690,635
"Los Angeles Dodgers",1989,554,536
"Minnesota Twins",1989,740,738
"Milwaukee Brewers",1989,707,679
"Montreal Expos",1989,632,630
"New York Yankees",1989,698,792
"New York Mets",1989,683,595
"Oakland Athletics",1989,712,576
"Philadelphia Phillies",1989,629,735
"Pittsburgh Pirates",1989,637,680
"San Diego Padres",1989,642,626
"Seattle Mariners",1989,694,728
"San Francisco Giants",1989,699,600
"St. Louis Cardinals",1989,632,608
"Texas Rangers",1989,695,714
"Toronto Blue Jays",1989,731,651
"Atlanta Braves",1990,682,821
"Baltimore Orioles",1990,669,698
"Boston Red Sox",1990,699,664
"California Angels",1990,690,706
"Chicago White Sox",1990,682,633
"Chicago Cubs",1990,690,774
"Cincinnati Reds",1990,693,597
"Cleveland Indians",1990,732,737
"Detroit Tigers",1990,750,754
"Houston Astros",1990,573,656
"Kansas City Royals",1990,707,709
"Los Angeles Dodgers",1990,728,685
"Minnesota Twins",1990,666,729
"Milwaukee Brewers",1990,732,760
"Montreal Expos",1990,662,598
"New York Yankees",1990,603,749
"New York Mets",1990,775,613
"Oakland Athletics",1990,733,570
"Philadelphia Phillies",1990,646,729
"Pittsburgh Pirates",1990,733,619
"San Diego Padres",1990,673,673
"Seattle Mariners",1990,640,680
"San Francisco Giants",1990,719,710
"St. Louis Cardinals",1990,599,698
"Texas Rangers",1990,676,696
"Toronto Blue Jays",1990,767,661
"Atlanta Braves",1991,749,644
"Baltimore Orioles",1991,686,796
"Boston Red Sox",1991,731,712
"California Angels",1991,653,649
"Chicago White Sox",1991,758,681
"Chicago Cubs",1991,695,734
"Cincinnati Reds",1991,689,691
"Cleveland Indians",1991,576,759
"Detroit Tigers",1991,817,794
"Houston Astros",1991,605,717
"Kansas City Royals",1991,727,722
"Los Angeles Dodgers",1991,665,565
"Minnesota Twins",1991,776,652
"Milwaukee Brewers",1991,799,744
"Montreal Expos",1991,579,655
"New York Yankees",1991,674,777
"New York Mets",1991,640,646
"Oakland Athletics",1991,760,776
"Philadelphia Phillies",1991,629,680
"Pittsburgh Pirates",1991,768,632
"San Diego Padres",1991,636,646
"Seattle Mariners",1991,702,674
"San Francisco Giants",1991,649,697
"St. Louis Cardinals",1991,651,648
"Texas Rangers",1991,829,814
"Toronto Blue Jays",1991,684,622
"Atlanta Braves",1992,682,569
"Baltimore Orioles",1992,705,656
"Boston Red Sox",1992,599,669
"California Angels",1992,579,671
"Chicago White Sox",1992,738,690
"Chicago Cubs",1992,593,624
"Cincinnati Reds",1992,660,609
"Cleveland Indians",1992,674,746
"Detroit Tigers",1992,791,794
"Houston Astros",1992,608,668
"Kansas City Royals",1992,610,667
"Los Angeles Dodgers",1992,548,636
"Minnesota Twins",1992,747,653
"Milwaukee Brewers",1992,740,604
"Montreal Expos",1992,648,581
"New York Yankees",1992,733,746
"New York Mets",1992,599,653
"Oakland Athletics",1992,745,672
"Philadelphia Phillies",1992,686,717
"Pittsburgh Pirates",1992,693,595
"San Diego Padres",1992,617,636
"Seattle Mariners",1992,679,799
"San Francisco Giants",1992,574,647
"St. Louis Cardinals",1992,631,604
"Texas Rangers",1992,682,753
"Toronto Blue Jays",1992,780,682
"Atlanta Braves",1993,767,559
"Baltimore Orioles",1993,786,745
"Boston Red Sox",1993,686,698
"California Angels",1993,684,770
"Chicago White Sox",1993,776,664
"Chicago Cubs",1993,738,739
"Cincinnati Reds",1993,722,785
"Cleveland Indians",1993,790,813
"Colorado Rockies",1993,758,967
"Detroit Tigers",1993,899,837
"Florida Marlins",1993,581,724
"Houston Astros",1993,716,630
"Kansas City Royals",1993,675,694
"Los Angeles Dodgers",1993,675,662
"Minnesota Twins",1993,693,830
"Milwaukee Brewers",1993,733,792
"Montreal Expos",1993,732,682
"New York Yankees",1993,821,761
"New York Mets",1993,672,744
"Oakland Athletics",1993,715,846
"Philadelphia Phillies",1993,877,740
"Pittsburgh Pirates",1993,707,806
"San Diego Padres",1993,679,772
"Seattle Mariners",1993,734,731
"San Francisco Giants",1993,808,636
"St. Louis Cardinals",1993,758,744
"Texas Rangers",1993,835,751
"Toronto Blue Jays",1993,847,742
"Atlanta Braves",1994,542,448
"Baltimore Orioles",1994,589,497
"Boston Red Sox",1994,552,621
"California Angels",1994,543,660
"Chicago White Sox",1994,633,498
"Chicago Cubs",1994,500,549
"Cincinnati Reds",1994,609,490
"Cleveland Indians",1994,679,562
"Colorado Rockies",1994,573,638
"Detroit Tigers",1994,652,671
"Florida Marlins",1994,468,576
"Houston Astros",1994,602,503
"Kansas City Royals",1994,574,532
"Los Angeles Dodgers",1994,532,509
"Minnesota Twins",1994,594,688
"Milwaukee Brewers",1994,547,586
"Montreal Expos",1994,585,454
"New York Yankees",1994,670,534
"New York Mets",1994,506,526
"Oakland Athletics",1994,549,589
"Philadelphia Phillies",1994,521,497
"Pittsburgh Pirates",1994,466,580
"San Diego Padres",1994,479,531
"Seattle Mariners",1994,569,616
"San Francisco Giants",1994,504,500
"St. Louis Cardinals",1994,535,621
"Texas Rangers",1994,613,697
"Toronto Blue Jays",1994,566,579
"Atlanta Braves",1995,645,540
"Baltimore Orioles",1995,704,640
"Boston Red Sox",1995,791,698
"California Angels",1995,801,697
"Chicago White Sox",1995,755,758
"Chicago Cubs",1995,693,671
"Cincinnati Reds",1995,747,623
"Cleveland Indians",1995,840,607
"Colorado Rockies",1995,785,783
"Detroit Tigers",1995,654,844
"Florida Marlins",1995,673,673
"Houston Astros",1995,747,674
"Kansas City Royals",1995,629,691
"Los Angeles Dodgers",1995,634,609
"Minnesota Twins",1995,703,889
"Milwaukee Brewers",1995,740,747
"Montreal Expos",1995,621,638
"New York Yankees",1995,749,688
"New York Mets",1995,657,618
"Oakland Athletics",1995,730,761
"Philadelphia Phillies",1995,615,658
"Pittsburgh Pirates",1995,629,736
"San Diego Padres",1995,668,672
"Seattle Mariners",1995,796,708
"San Francisco Giants",1995,652,776
"St. Louis Cardinals",1995,563,658
"Texas Rangers",1995,691,720
"Toronto Blue Jays",1995,642,777
"Atlanta Braves",1996,773,648
"Baltimore Orioles",1996,949,903
"Boston Red Sox",1996,928,921
"California Angels",1996,762,943
"Chicago White Sox",1996,898,794
"Chicago Cubs",1996,772,771
"Cincinnati Reds",1996,778,773
"Cleveland Indians",1996,952,769
"Colorado Rockies",1996,961,964
"Detroit Tigers",1996,783,1103
"Florida Marlins",1996,688,703
"Houston Astros",1996,753,792
"Kansas City Royals",1996,746,786
"Los Angeles Dodgers",1996,703,652
"Minnesota Twins",1996,877,900
"Milwaukee Brewers",1996,894,899
"Montreal Expos",1996,741,668
"New York Yankees",1996,871,787
"New York Mets",1996,746,779
"Oakland Athletics",1996,861,900
"Philadelphia Phillies",1996,650,790
"Pittsburgh Pirates",1996,776,833
"San Diego Padres",1996,771,682
"Seattle Mariners",1996,993,895
"San Francisco Giants",1996,752,862
"St. Louis Cardinals",1996,759,706
"Texas Rangers",1996,928,799
"Toronto Blue Jays",1996,766,809
"Anaheim Angels",1997,829,794
"Atlanta Braves",1997,791,581
"Baltimore Orioles",1997,812,681
"Boston Red Sox",1997,851,857
"Chicago White Sox",1997,779,833
"Chicago Cubs",1997,687,759
"Cincinnati Reds",1997,651,764
"Cleveland Indians",1997,868,815
"Colorado Rockies",1997,923,908
"Detroit Tigers",1997,784,790
"Florida Marlins",1997,740,669
"Houston Astros",1997,777,660
"Kansas City Royals",1997,747,820
"Los Angeles Dodgers",1997,742,645
"Minnesota Twins",1997,772,861
"Milwaukee Brewers",1997,681,742
"Montreal Expos",1997,691,740
"New York Yankees",1997,891,688
"New York Mets",1997,777,709
"Oakland Athletics",1997,764,946
"Philadelphia Phillies",1997,668,840
"Pittsburgh Pirates",1997,725,760
"San Diego Padres",1997,795,891
"Seattle Mariners",1997,925,833
"San Francisco Giants",1997,784,793
"St. Louis Cardinals",1997,689,708
"Texas Rangers",1997,807,823
"Toronto Blue Jays",1997,654,694
"Anaheim Angels",1998,787,783
"Arizona Diamondbacks",1998,665,812
"Atlanta Braves",1998,826,581
"Baltimore Orioles",1998,817,785
"Boston Red Sox",1998,876,729
"Chicago White Sox",1998,861,931
"Chicago Cubs",1998,831,792
"Cincinnati Reds",1998,750,760
"Cleveland Indians",1998,850,779
"Colorado Rockies",1998,826,855
"Detroit Tigers",1998,722,863
"Florida Marlins",1998,667,923
"Houston Astros",1998,874,620
"Kansas City Royals",1998,714,899
"Los Angeles Dodgers",1998,669,678
"Milwaukee Brewers",1998,707,812
"Minnesota Twins",1998,734,818
"Montreal Expos",1998,644,783
"New York Yankees",1998,965,656
"New York Mets",1998,706,645
"Oakland Athletics",1998,804,866
"Philadelphia Phillies",1998,713,808
"Pittsburgh Pirates",1998,650,718
"San Diego Padres",1998,749,635
"Seattle Mariners",1998,859,855
"San Francisco Giants",1998,845,739
"St. Louis Cardinals",1998,810,782
"Tampa Bay Devil Rays",1998,620,751
"Texas Rangers",1998,940,871
"Toronto Blue Jays",1998,816,768
"Anaheim Angels",1999,711,826
"Arizona Diamondbacks",1999,908,676
"Atlanta Braves",1999,840,661
"Baltimore Orioles",1999,851,815
"Boston Red Sox",1999,836,718
"Chicago White Sox",1999,777,870
"Chicago Cubs",1999,747,920
"Cincinnati Reds",1999,865,711
"Cleveland Indians",1999,1009,860
"Colorado Rockies",1999,906,1028
"Detroit Tigers",1999,747,882
"Florida Marlins",1999,691,852
"Houston Astros",1999,823,675
"Kansas City Royals",1999,856,921
"Los Angeles Dodgers",1999,793,787
"Milwaukee Brewers",1999,815,886
"Minnesota Twins",1999,686,845
"Montreal Expos",1999,718,853
"New York Yankees",1999,900,731
"New York Mets",1999,853,711
"Oakland Athletics",1999,893,846
"Philadelphia Phillies",1999,841,846
"Pittsburgh Pirates",1999,775,782
"San Diego Padres",1999,710,781
"Seattle Mariners",1999,859,905
"San Francisco Giants",1999,872,831
"St. Louis Cardinals",1999,809,838
"Tampa Bay Devil Rays",1999,772,913
"Texas Rangers",1999,945,859
"Toronto Blue Jays",1999,883,862
"Anaheim Angels",2000,864,869
"Arizona Diamondbacks",2000,792,754
"Atlanta Braves",2000,810,714
"Baltimore Orioles",2000,794,913
"Boston Red Sox",2000,792,745
"Chicago White Sox",2000,978,839
"Chicago Cubs",2000,764,904
"Cincinnati Reds",2000,825,765
"Cleveland Indians",2000,950,816
"Colorado Rockies",2000,968,897
"Detroit Tigers",2000,823,827
"Florida Marlins",2000,731,797
"Houston Astros",2000,938,944
"Kansas City Royals",2000,879,930
"Los Angeles Dodgers",2000,798,729
"Milwaukee Brewers",2000,740,826
"Minnesota Twins",2000,748,880
"Montreal Expos",2000,738,902
"New York Yankees",2000,871,814
"New York Mets",2000,807,738
"Oakland Athletics",2000,947,813
"Philadelphia Phillies",2000,708,830
"Pittsburgh Pirates",2000,793,888
"San Diego Padres",2000,752,815
"Seattle Mariners",2000,907,780
"San Francisco Giants",2000,925,747
"St. Louis Cardinals",2000,887,771
"Tampa Bay Devil Rays",2000,733,842
"Texas Rangers",2000,848,974
"Toronto Blue Jays",2000,861,908
"Anaheim Angels",2001,691,730
"Arizona Diamondbacks",2001,818,677
"Atlanta Braves",2001,729,643
"Baltimore Orioles",2001,687,829
"Boston Red Sox",2001,772,745
"Chicago White Sox",2001,798,795
"Chicago Cubs",2001,777,701
"Cincinnati Reds",2001,735,850
"Cleveland Indians",2001,897,821
"Colorado Rockies",2001,923,906
"Detroit Tigers",2001,724,876
"Florida Marlins",2001,742,744
"Houston Astros",2001,847,769
"Kansas City Royals",2001,729,858
"Los Angeles Dodgers",2001,758,744
"Milwaukee Brewers",2001,740,806
"Minnesota Twins",2001,771,766
"Montreal Expos",2001,670,812
"New York Yankees",2001,804,713
"New York Mets",2001,642,713
"Oakland Athletics",2001,884,645
"Philadelphia Phillies",2001,746,719
"Pittsburgh Pirates",2001,657,858
"San Diego Padres",2001,789,812
"Seattle Mariners",2001,927,627
"San Francisco Giants",2001,799,748
"St. Louis Cardinals",2001,814,684
"Tampa Bay Devil Rays",2001,672,887
"Texas Rangers",2001,890,968
"Toronto Blue Jays",2001,767,753
"Anaheim Angels",2002,851,644
"Arizona Diamondbacks",2002,819,674
"Atlanta Braves",2002,708,565
"Baltimore Orioles",2002,667,773
"Boston Red Sox",2002,859,665
"Chicago White Sox",2002,856,798
"Chicago Cubs",2002,706,759
"Cincinnati Reds",2002,709,774
"Cleveland Indians",2002,739,837
"Colorado Rockies",2002,778,898
"Detroit Tigers",2002,575,864
"Florida Marlins",2002,699,763
"Houston Astros",2002,749,695
"Kansas City Royals",2002,737,891
"Los Angeles Dodgers",2002,713,643
"Milwaukee Brewers",2002,627,821
"Minnesota Twins",2002,768,712
"Montreal Expos",2002,735,718
"New York Yankees",2002,897,697
"New York Mets",2002,690,703
"Oakland Athletics",2002,800,654
"Philadelphia Phillies",2002,710,724
"Pittsburgh Pirates",2002,641,730
"San Diego Padres",2002,662,815
"Seattle Mariners",2002,814,699
"San Francisco Giants",2002,783,616
"St. Louis Cardinals",2002,787,648
"Tampa Bay Devil Rays",2002,673,918
"Texas Rangers",2002,843,882
"Toronto Blue Jays",2002,813,828
"Anaheim Angels",2003,736,743
"Arizona Diamondbacks",2003,717,685
"Atlanta Braves",2003,907,740
"Baltimore Orioles",2003,743,820
"Boston Red Sox",2003,961,809
"Chicago White Sox",2003,791,715
"Chicago Cubs",2003,724,683
"Cincinnati Reds",2003,694,886
"Cleveland Indians",2003,699,778
"Colorado Rockies",2003,853,892
"Detroit Tigers",2003,591,928
"Florida Marlins",2003,751,692
"Houston Astros",2003,805,677
"Kansas City Royals",2003,836,867
"Los Angeles Dodgers",2003,574,556
"Milwaukee Brewers",2003,714,873
"Minnesota Twins",2003,801,758
"Montreal Expos",2003,711,716
"New York Yankees",2003,877,716
"New York Mets",2003,642,754
"Oakland Athletics",2003,768,643
"Philadelphia Phillies",2003,791,697
"Pittsburgh Pirates",2003,753,801
"San Diego Padres",2003,678,831
"Seattle Mariners",2003,795,637
"San Francisco Giants",2003,755,638
"St. Louis Cardinals",2003,876,796
"Tampa Bay Devil Rays",2003,715,852
"Texas Rangers",2003,826,969
"Toronto Blue Jays",2003,894,826
"Anaheim Angels",2004,836,734
"Arizona Diamondbacks",2004,615,899
"Atlanta Braves",2004,803,668
"Baltimore Orioles",2004,842,830
"Boston Red Sox",2004,949,768
"Chicago White Sox",2004,865,831
"Chicago Cubs",2004,789,665
"Cincinnati Reds",2004,750,907
"Cleveland Indians",2004,858,857
"Colorado Rockies",2004,833,923
"Detroit Tigers",2004,827,844
"Florida Marlins",2004,718,700
"Houston Astros",2004,803,698
"Kansas City Royals",2004,720,905
"Los Angeles Dodgers",2004,761,684
"Milwaukee Brewers",2004,634,757
"Minnesota Twins",2004,780,715
"Montreal Expos",2004,635,769
"New York Yankees",2004,897,808
"New York Mets",2004,684,731
"Oakland Athletics",2004,793,742
"Philadelphia Phillies",2004,840,781
"Pittsburgh Pirates",2004,680,744
"San Diego Padres",2004,768,705
"Seattle Mariners",2004,698,823
"San Francisco Giants",2004,850,770
"St. Louis Cardinals",2004,855,659
"Tampa Bay Devil Rays",2004,714,842
"Texas Rangers",2004,860,794
"Toronto Blue Jays",2004,719,823
"Arizona Diamondbacks",2005,696,856
"Atlanta Braves",2005,769,674
"Baltimore Orioles",2005,729,800
"Boston Red Sox",2005,910,805
"Chicago White Sox",2005,741,645
"Chicago Cubs",2005,703,714
"Cincinnati Reds",2005,820,889
"Cleveland Indians",2005,790,642
"Colorado Rockies",2005,740,862
"Detroit Tigers",2005,723,787
"Florida Marlins",2005,717,732
"Houston Astros",2005,693,609
"Kansas City Royals",2005,701,935
"Los Angeles Angels of Anaheim",2005,761,643
"Los Angeles Dodgers",2005,685,755
"Milwaukee Brewers",2005,726,697
"Minnesota Twins",2005,688,662
"New York Yankees",2005,886,789
"New York Mets",2005,722,648
"Oakland Athletics",2005,772,658
"Philadelphia Phillies",2005,807,726
"Pittsburgh Pirates",2005,680,769
"San Diego Padres",2005,684,726
"Seattle Mariners",2005,699,751
"San Francisco Giants",2005,649,745
"St. Louis Cardinals",2005,805,634
"Tampa Bay Devil Rays",2005,750,936
"Texas Rangers",2005,865,858
"Toronto Blue Jays",2005,775,705
"Washington Nationals",2005,639,673
"Arizona Diamondbacks",2006,773,788
"Atlanta Braves",2006,849,805
"Baltimore Orioles",2006,768,899
"Boston Red Sox",2006,820,825
"Chicago White Sox",2006,868,794
"Chicago Cubs",2006,716,834
"Cincinnati Reds",2006,749,801
"Cleveland Indians",2006,870,782
"Colorado Rockies",2006,813,812
"Detroit Tigers",2006,822,675
"Florida Marlins",2006,758,772
"Houston Astros",2006,735,719
"Kansas City Royals",2006,757,971
"Los Angeles Angels of Anaheim",2006,766,732
"Los Angeles Dodgers",2006,820,751
"Milwaukee Brewers",2006,730,833
"Minnesota Twins",2006,801,683
"New York Yankees",2006,930,767
"New York Mets",2006,834,731
"Oakland Athletics",2006,771,727
"Philadelphia Phillies",2006,865,812
"Pittsburgh Pirates",2006,691,797
"San Diego Padres",2006,731,679
"Seattle Mariners",2006,756,792
"San Francisco Giants",2006,746,790
"St. Louis Cardinals",2006,781,762
"Tampa Bay Devil Rays",2006,689,856
"Texas Rangers",2006,835,784
"Toronto Blue Jays",2006,809,754
"Washington Nationals",2006,746,872
"Arizona Diamondbacks",2007,712,732
"Atlanta Braves",2007,810,733
"Baltimore Orioles",2007,756,868
"Boston Red Sox",2007,867,657
"Chicago White Sox",2007,693,839
"Chicago Cubs",2007,752,690
"Cincinnati Reds",2007,783,853
"Cleveland Indians",2007,811,704
"Colorado Rockies",2007,860,758
"Detroit Tigers",2007,887,797
"Florida Marlins",2007,790,891
"Houston Astros",2007,723,813
"Kansas City Royals",2007,706,778
"Los Angeles Angels of Anaheim",2007,822,731
"Los Angeles Dodgers",2007,735,727
"Milwaukee Brewers",2007,801,776
"Minnesota Twins",2007,718,725
"New York Yankees",2007,968,777
"New York Mets",2007,804,750
"Oakland Athletics",2007,741,758
"Philadelphia Phillies",2007,892,821
"Pittsburgh Pirates",2007,724,846
"San Diego Padres",2007,741,666
"Seattle Mariners",2007,794,813
"San Francisco Giants",2007,683,720
"St. Louis Cardinals",2007,725,829
"Tampa Bay Devil Rays",2007,782,944
"Texas Rangers",2007,816,844
"Toronto Blue Jays",2007,753,699
"Washington Nationals",2007,673,783
"Arizona Diamondbacks",2008,720,706
"Atlanta Braves",2008,753,778
"Baltimore Orioles",2008,782,869
"Boston Red Sox",2008,845,694
"Chicago White Sox",2008,811,729
"Chicago Cubs",2008,855,671
"Cincinnati Reds",2008,704,800
"Cleveland Indians",2008,805,761
"Colorado Rockies",2008,747,822
"Detroit Tigers",2008,821,857
"Florida Marlins",2008,770,767
"Houston Astros",2008,712,743
"Kansas City Royals",2008,691,781
"Los Angeles Angels of Anaheim",2008,765,697
"Los Angeles Dodgers",2008,700,648
"Milwaukee Brewers",2008,750,689
"Minnesota Twins",2008,829,745
"New York Yankees",2008,789,727
"New York Mets",2008,799,715
"Oakland Athletics",2008,646,690
"Philadelphia Phillies",2008,799,680
"Pittsburgh Pirates",2008,735,884
"San Diego Padres",2008,637,764
"Seattle Mariners",2008,671,811
"San Francisco Giants",2008,640,759
"St. Louis Cardinals",2008,779,725
"Tampa Bay Rays",2008,774,671
"Texas Rangers",2008,901,967
"Toronto Blue Jays",2008,714,610
"Washington Nationals",2008,641,825
"Arizona Diamondbacks",2009,720,782
"Atlanta Braves",2009,735,641
"Baltimore Orioles",2009,741,876
"Boston Red Sox",2009,872,736
"Chicago White Sox",2009,724,732
"Chicago Cubs",2009,707,672
"Cincinnati Reds",2009,673,723
"Cleveland Indians",2009,773,865
"Colorado Rockies",2009,804,715
"Detroit Tigers",2009,743,745
"Florida Marlins",2009,772,766
"Houston Astros",2009,643,770
"Kansas City Royals",2009,686,842
"Los Angeles Angels of Anaheim",2009,883,761
"Los Angeles Dodgers",2009,780,611
"Milwaukee Brewers",2009,785,818
"Minnesota Twins",2009,817,765
"New York Yankees",2009,915,753
"New York Mets",2009,671,757
"Oakland Athletics",2009,759,761
"Philadelphia Phillies",2009,820,709
"Pittsburgh Pirates",2009,636,768
"San Diego Padres",2009,638,769
"Seattle Mariners",2009,640,692
"San Francisco Giants",2009,657,611
"St. Louis Cardinals",2009,730,640
"Tampa Bay Rays",2009,803,754
"Texas Rangers",2009,784,740
"Toronto Blue Jays",2009,798,771
"Washington Nationals",2009,710,874
"Arizona Diamondbacks",2010,713,836
"Atlanta Braves",2010,738,629
"Baltimore Orioles",2010,613,785
"Boston Red Sox",2010,818,744
"Chicago White Sox",2010,752,704
"Chicago Cubs",2010,685,767
"Cincinnati Reds",2010,790,685
"Cleveland Indians",2010,646,752
"Colorado Rockies",2010,770,717
"Detroit Tigers",2010,751,743
"Florida Marlins",2010,719,717
"Houston Astros",2010,611,729
"Kansas City Royals",2010,676,845
"Los Angeles Angels of Anaheim",2010,681,702
"Los Angeles Dodgers",2010,667,692
"Milwaukee Brewers",2010,750,804
"Minnesota Twins",2010,781,671
"New York Yankees",2010,859,693
"New York Mets",2010,656,652
"Oakland Athletics",2010,663,626
"Philadelphia Phillies",2010,772,640
"Pittsburgh Pirates",2010,587,866
"San Diego Padres",2010,665,581
"Seattle Mariners",2010,513,698
"San Francisco Giants",2010,697,583
"St. Louis Cardinals",2010,736,641
"Tampa Bay Rays",2010,802,649
"Texas Rangers",2010,787,687
"Toronto Blue Jays",2010,755,728
"Washington Nationals",2010,655,742
"Arizona Diamondbacks",2011,731,662
"Atlanta Braves",2011,641,605
"Baltimore Orioles",2011,708,860
"Boston Red Sox",2011,875,737
"Chicago White Sox",2011,654,706
"Chicago Cubs",2011,654,756
"Cincinnati Reds",2011,735,720
"Cleveland Indians",2011,704,760
"Colorado Rockies",2011,735,774
"Detroit Tigers",2011,787,711
"Florida Marlins",2011,625,702
"Houston Astros",2011,615,796
"Kansas City Royals",2011,730,762
"Los Angeles Angels of Anaheim",2011,667,633
"Los Angeles Dodgers",2011,644,612
"Milwaukee Brewers",2011,721,638
"Minnesota Twins",2011,619,804
"New York Yankees",2011,867,657
"New York Mets",2011,718,742
"Oakland Athletics",2011,645,679
"Philadelphia Phillies",2011,713,529
"Pittsburgh Pirates",2011,610,712
"San Diego Padres",2011,593,611
"Seattle Mariners",2011,556,675
"San Francisco Giants",2011,570,578
"St. Louis Cardinals",2011,762,692
"Tampa Bay Rays",2011,707,614
"Texas Rangers",2011,855,677
"Toronto Blue Jays",2011,743,761
"Washington Nationals",2011,624,643
"Arizona Diamondbacks",2012,734,688
"Atlanta Braves",2012,700,600
"Baltimore Orioles",2012,712,705
"Boston Red Sox",2012,734,806
"Chicago White Sox",2012,748,676
"Chicago Cubs",2012,613,759
"Cincinnati Reds",2012,669,588
"Cleveland Indians",2012,667,845
"Colorado Rockies",2012,758,890
"Detroit Tigers",2012,726,670
"Houston Astros",2012,583,794
"Kansas City Royals",2012,676,746
"Los Angeles Angels of Anaheim",2012,767,699
"Los Angeles Dodgers",2012,637,597
"Miami Marlins",2012,609,724
"Milwaukee Brewers",2012,776,733
"Minnesota Twins",2012,701,832
"New York Yankees",2012,804,668
"New York Mets",2012,650,709
"Oakland Athletics",2012,713,614
"Philadelphia Phillies",2012,684,680
"Pittsburgh Pirates",2012,651,674
"San Diego Padres",2012,651,710
"Seattle Mariners",2012,619,651
"San Francisco Giants",2012,718,649
"St. Louis Cardinals",2012,765,648
"Tampa Bay Rays",2012,697,577
"Texas Rangers",2012,808,707
"Toronto Blue Jays",2012,716,784
"Washington Nationals",2012,731,594
"Arizona Diamondbacks",2013,685,695
"Atlanta Braves",2013,688,548
"Baltimore Orioles",2013,745,709
"Boston Red Sox",2013,853,656
"Chicago White Sox",2013,598,723
"Chicago Cubs",2013,602,689
"Cincinnati Reds",2013,698,589
"Cleveland Indians",2013,745,662
"Colorado Rockies",2013,706,760
"Detroit Tigers",2013,796,624
"Houston Astros",2013,610,848
"Kansas City Royals",2013,648,601
"Los Angeles Angels of Anaheim",2013,733,737
"Los Angeles Dodgers",2013,649,582
"Miami Marlins",2013,513,646
"Milwaukee Brewers",2013,640,687
"Minnesota Twins",2013,614,788
"New York Yankees",2013,650,671
"New York Mets",2013,619,684
"Oakland Athletics",2013,767,625
"Philadelphia Phillies",2013,610,749
"Pittsburgh Pirates",2013,634,577
"San Diego Padres",2013,618,700
"Seattle Mariners",2013,624,754
"San Francisco Giants",2013,629,691
"St. Louis Cardinals",2013,783,596
"Tampa Bay Rays",2013,700,646
"Texas Rangers",2013,730,636
"Toronto Blue Jays",2013,712,756
"Washington Nationals",2013,656,626
"Arizona Diamondbacks",2014,615,742
"Atlanta Braves",2014,573,597
"Baltimore Orioles",2014,705,593
"Boston Red Sox",2014,634,715
"Chicago White Sox",2014,660,758
"Chicago Cubs",2014,614,707
"Cincinnati Reds",2014,595,612
"Cleveland Indians",2014,669,653
"Colorado Rockies",2014,755,818
"Detroit Tigers",2014,757,705
"Houston Astros",2014,629,723
"Kansas City Royals",2014,651,624
"Los Angeles Angels of Anaheim",2014,773,630
"Los Angeles Dodgers",2014,718,617
"Miami Marlins",2014,645,674
"Milwaukee Brewers",2014,650,657
"Minnesota Twins",2014,715,777
"New York Yankees",2014,633,664
"New York Mets",2014,629,618
"Oakland Athletics",2014,729,572
"Philadelphia Phillies",2014,619,687
"Pittsburgh Pirates",2014,682,631
"San Diego Padres",2014,535,577
"Seattle Mariners",2014,634,554
"San Francisco Giants",2014,665,614
"St. Louis Cardinals",2014,619,603
"Tampa Bay Rays",2014,612,625
"Texas Rangers",2014,637,773
"Toronto Blue Jays",2014,723,686
"Washington Nationals",2014,686,555
"Arizona Diamondbacks",2015,720,713
"Atlanta Braves",2015,573,760
"Baltimore Orioles",2015,713,693
"Boston Red Sox",2015,748,753
"Chicago White Sox",2015,622,701
"Chicago Cubs",2015,689,608
"Cincinnati Reds",2015,640,754
"Cleveland Indians",2015,669,640
"Colorado Rockies",2015,737,844
"Detroit Tigers",2015,689,803
"Houston Astros",2015,729,618
"Kansas City Royals",2015,724,641
"Los Angeles Angels of Anaheim",2015,661,675
"Los Angeles Dodgers",2015,667,595
"Miami Marlins",2015,613,678
"Milwaukee Brewers",2015,655,737
"Minnesota Twins",2015,696,700
"New York Yankees",2015,764,698
"New York Mets",2015,683,613
"Oakland Athletics",2015,694,729
"Philadelphia Phillies",2015,626,809
"Pittsburgh Pirates",2015,697,596
"San Diego Padres",2015,650,731
"Seattle Mariners",2015,656,726
"San Francisco Giants",2015,696,627
"St. Louis Cardinals",2015,647,525
"Tampa Bay Rays",2015,644,642
"Texas Rangers",2015,751,733
"Toronto Blue Jays",2015,891,670
"Washington Nationals",2015,703,635
"Arizona Diamondbacks",2016,752,890
"Atlanta Braves",2016,649,779
"Baltimore Orioles",2016,744,715
"Boston Red Sox",2016,878,694
"Chicago White Sox",2016,686,715
"Chicago Cubs",2016,808,556
"Cincinnati Reds",2016,716,854
"Cleveland Indians",2016,777,676
"Colorado Rockies",2016,845,860
"Detroit Tigers",2016,750,721
"Houston Astros",2016,724,701
"Kansas City Royals",2016,675,712
"Los Angeles Angels of Anaheim",2016,717,727
"Los Angeles Dodgers",2016,725,638
"Miami Marlins",2016,655,682
"Milwaukee Brewers",2016,671,733
"Minnesota Twins",2016,722,889
"New York Yankees",2016,680,702
"New York Mets",2016,671,617
"Oakland Athletics",2016,653,761
"Philadelphia Phillies",2016,610,796
"Pittsburgh Pirates",2016,729,758
"San Diego Padres",2016,686,770
"Seattle Mariners",2016,768,707
"San Francisco Giants",2016,715,631
"St. Louis Cardinals",2016,779,712
"Tampa Bay Rays",2016,672,713
"Texas Rangers",2016,765,757
"Toronto Blue Jays",2016,759,666
"Washington Nationals",2016,763,612
